sku,product_name,category,supplier,price,current_stock,reorder_level,warehouse,sale_date,quantity,revenue
KIRANA-ATTA-001,Aashirvaad Shudh Chakki Atta (5kg),Atta & Flours,ITC Limited,245.0,8,15,Shelf A1 (Flour Rack),2026-08-08,6,1470.0
KIRANA-OIL-002,Fortune Sunlite Refined Sunflower Oil (1L),Edible Oils,Adani Wilmar,135.0,45,20,Shelf A2 (Oils Rack),2026-08-08,8,1080.0
KIRANA-MILK-003,Amul Taaza Homogenised Toned Milk (1L),Dairy & Daily Fresh,GCMMF (Amul),56.0,110,40,Cooler Rack C1 (Dairy),2026-08-08,32,1792.0
KIRANA-SALT-004,Tata Salt Iodised (1kg),Spices & Condiments,Tata Consumer Products,28.0,135,30,Shelf B1 (Spices),2026-08-08,11,308.0
KIRANA-RICE-005,India Gate Rozzana Basmati Rice (1kg),Rice & Grains,KRBL Limited,95.0,14,25,Shelf B2 (Grains),2026-08-08,7,665.0
KIRANA-MAGGI-006,Maggi 2-Minute Masala Noodles (4-Pack),Snacks & Instant Food,Nestlé India,56.0,80,30,Front Counter Rack,2026-08-08,20,1120.0
KIRANA-PARLE-007,Parle-G Gold Glucose Biscuits (250g),Bakery & Biscuits,Parle Products,30.0,160,45,Front Counter Rack,2026-08-08,60,1800.0
KIRANA-CHAI-008,Tata Tea Premium Desh Ki Chai (500g),Beverages & Tea,Tata Consumer Products,210.0,16,20,Shelf A3 (Beverages),2026-08-08,6,1260.0
KIRANA-SURF-009,Surf Excel Easy Wash Detergent (1kg),Household Cleaning,Hindustan Unilever,145.0,38,15,Back Wall Shelf D1,2026-08-08,3,435.0
KIRANA-DETTOL-010,Dettol Germ Protection Soap (100g),Personal Care,Reckitt Benckiser,42.0,240,30,Back Wall Shelf D2,2026-08-08,13,546.0
KIRANA-DAL-011,Desi Toor Dal Unpolished (1kg),Pulses & Dals,Desi Agro Traders,165.0,22,20,Shelf B3 (Pulses),2026-08-08,5,825.0
KIRANA-SUGAR-012,Madhur Pure & Hygienic Sugar (1kg),Sugar & Jaggery,Shree Renuka Sugars,52.0,115,35,Shelf A1 (Flour Rack),2026-08-08,16,832.0
KIRANA-ATTA-001,Aashirvaad Shudh Chakki Atta (5kg),Atta & Flours,ITC Limited,245.0,8,15,Shelf A1 (Flour Rack),2026-08-09,5,1225.0
KIRANA-OIL-002,Fortune Sunlite Refined Sunflower Oil (1L),Edible Oils,Adani Wilmar,135.0,45,20,Shelf A2 (Oils Rack),2026-08-09,8,1080.0
KIRANA-MILK-003,Amul Taaza Homogenised Toned Milk (1L),Dairy & Daily Fresh,GCMMF (Amul),56.0,110,40,Cooler Rack C1 (Dairy),2026-08-09,29,1624.0
KIRANA-SALT-004,Tata Salt Iodised (1kg),Spices & Condiments,Tata Consumer Products,28.0,135,30,Shelf B1 (Spices),2026-08-09,13,364.0
KIRANA-RICE-005,India Gate Rozzana Basmati Rice (1kg),Rice & Grains,KRBL Limited,95.0,14,25,Shelf B2 (Grains),2026-08-09,7,665.0
KIRANA-MAGGI-006,Maggi 2-Minute Masala Noodles (4-Pack),Snacks & Instant Food,Nestlé India,56.0,80,30,Front Counter Rack,2026-08-09,19,1064.0
KIRANA-PARLE-007,Parle-G Gold Glucose Biscuits (250g),Bakery & Biscuits,Parle Products,30.0,160,45,Front Counter Rack,2026-08-09,25,750.0
KIRANA-CHAI-008,Tata Tea Premium Desh Ki Chai (500g),Beverages & Tea,Tata Consumer Products,210.0,16,20,Shelf A3 (Beverages),2026-08-09,4,840.0
KIRANA-SURF-009,Surf Excel Easy Wash Detergent (1kg),Household Cleaning,Hindustan Unilever,145.0,38,15,Back Wall Shelf D1,2026-08-09,5,725.0
KIRANA-DETTOL-010,Dettol Germ Protection Soap (100g),Personal Care,Reckitt Benckiser,42.0,240,30,Back Wall Shelf D2,2026-08-09,8,336.0
KIRANA-DAL-011,Desi Toor Dal Unpolished (1kg),Pulses & Dals,Desi Agro Traders,165.0,22,20,Shelf B3 (Pulses),2026-08-09,5,825.0
KIRANA-SUGAR-012,Madhur Pure & Hygienic Sugar (1kg),Sugar & Jaggery,Shree Renuka Sugars,52.0,115,35,Shelf A1 (Flour Rack),2026-08-09,20,1040.0
KIRANA-ATTA-001,Aashirvaad Shudh Chakki Atta (5kg),Atta & Flours,ITC Limited,245.0,8,15,Shelf A1 (Flour Rack),2026-08-10,3,735.0
KIRANA-OIL-002,Fortune Sunlite Refined Sunflower Oil (1L),Edible Oils,Adani Wilmar,135.0,45,20,Shelf A2 (Oils Rack),2026-08-10,6,810.0
KIRANA-MILK-003,Amul Taaza Homogenised Toned Milk (1L),Dairy & Daily Fresh,GCMMF (Amul),56.0,110,40,Cooler Rack C1 (Dairy),2026-08-10,35,1960.0
KIRANA-SALT-004,Tata Salt Iodised (1kg),Spices & Condiments,Tata Consumer Products,28.0,135,30,Shelf B1 (Spices),2026-08-10,10,280.0
KIRANA-RICE-005,India Gate Rozzana Basmati Rice (1kg),Rice & Grains,KRBL Limited,95.0,14,25,Shelf B2 (Grains),2026-08-10,4,380.0
KIRANA-MAGGI-006,Maggi 2-Minute Masala Noodles (4-Pack),Snacks & Instant Food,Nestlé India,56.0,80,30,Front Counter Rack,2026-08-10,13,728.0
KIRANA-PARLE-007,Parle-G Gold Glucose Biscuits (250g),Bakery & Biscuits,Parle Products,30.0,160,45,Front Counter Rack,2026-08-10,20,600.0
KIRANA-CHAI-008,Tata Tea Premium Desh Ki Chai (500g),Beverages & Tea,Tata Consumer Products,210.0,16,20,Shelf A3 (Beverages),2026-08-10,3,630.0
KIRANA-SURF-009,Surf Excel Easy Wash Detergent (1kg),Household Cleaning,Hindustan Unilever,145.0,38,15,Back Wall Shelf D1,2026-08-10,3,435.0
KIRANA-DETTOL-010,Dettol Germ Protection Soap (100g),Personal Care,Reckitt Benckiser,42.0,240,30,Back Wall Shelf D2,2026-08-10,9,378.0
KIRANA-DAL-011,Desi Toor Dal Unpolished (1kg),Pulses & Dals,Desi Agro Traders,165.0,22,20,Shelf B3 (Pulses),2026-08-10,4,660.0
KIRANA-SUGAR-012,Madhur Pure & Hygienic Sugar (1kg),Sugar & Jaggery,Shree Renuka Sugars,52.0,115,35,Shelf A1 (Flour Rack),2026-08-10,15,780.0
KIRANA-ATTA-001,Aashirvaad Shudh Chakki Atta (5kg),Atta & Flours,ITC Limited,245.0,8,15,Shelf A1 (Flour Rack),2026-08-11,3,735.0
KIRANA-OIL-002,Fortune Sunlite Refined Sunflower Oil (1L),Edible Oils,Adani Wilmar,135.0,45,20,Shelf A2 (Oils Rack),2026-08-11,7,945.0
KIRANA-MILK-003,Amul Taaza Homogenised Toned Milk (1L),Dairy & Daily Fresh,GCMMF (Amul),56.0,110,40,Cooler Rack C1 (Dairy),2026-08-11,23,1288.0
KIRANA-SALT-004,Tata Salt Iodised (1kg),Spices & Condiments,Tata Consumer Products,28.0,135,30,Shelf B1 (Spices),2026-08-11,12,336.0
KIRANA-RICE-005,India Gate Rozzana Basmati Rice (1kg),Rice & Grains,KRBL Limited,95.0,14,25,Shelf B2 (Grains),2026-08-11,4,380.0
KIRANA-MAGGI-006,Maggi 2-Minute Masala Noodles (4-Pack),Snacks & Instant Food,Nestlé India,56.0,80,30,Front Counter Rack,2026-08-11,18,1008.0
KIRANA-PARLE-007,Parle-G Gold Glucose Biscuits (250g),Bakery & Biscuits,Parle Products,30.0,160,45,Front Counter Rack,2026-08-11,27,810.0
KIRANA-CHAI-008,Tata Tea Premium Desh Ki Chai (500g),Beverages & Tea,Tata Consumer Products,210.0,16,20,Shelf A3 (Beverages),2026-08-11,7,1470.0
KIRANA-SURF-009,Surf Excel Easy Wash Detergent (1kg),Household Cleaning,Hindustan Unilever,145.0,38,15,Back Wall Shelf D1,2026-08-11,3,435.0
KIRANA-DETTOL-010,Dettol Germ Protection Soap (100g),Personal Care,Reckitt Benckiser,42.0,240,30,Back Wall Shelf D2,2026-08-11,6,252.0
KIRANA-DAL-011,Desi Toor Dal Unpolished (1kg),Pulses & Dals,Desi Agro Traders,165.0,22,20,Shelf B3 (Pulses),2026-08-11,3,495.0
KIRANA-SUGAR-012,Madhur Pure & Hygienic Sugar (1kg),Sugar & Jaggery,Shree Renuka Sugars,52.0,115,35,Shelf A1 (Flour Rack),2026-08-11,14,728.0
KIRANA-ATTA-001,Aashirvaad Shudh Chakki Atta (5kg),Atta & Flours,ITC Limited,245.0,8,15,Shelf A1 (Flour Rack),2026-08-12,1,245.0
KIRANA-OIL-002,Fortune Sunlite Refined Sunflower Oil (1L),Edible Oils,Adani Wilmar,135.0,45,20,Shelf A2 (Oils Rack),2026-08-12,5,675.0
KIRANA-MILK-003,Amul Taaza Homogenised Toned Milk (1L),Dairy & Daily Fresh,GCMMF (Amul),56.0,110,40,Cooler Rack C1 (Dairy),2026-08-12,48,2688.0
KIRANA-SALT-004,Tata Salt Iodised (1kg),Spices & Condiments,Tata Consumer Products,28.0,135,30,Shelf B1 (Spices),2026-08-12,8,224.0
KIRANA-RICE-005,India Gate Rozzana Basmati Rice (1kg),Rice & Grains,KRBL Limited,95.0,14,25,Shelf B2 (Grains),2026-08-12,4,380.0
KIRANA-MAGGI-006,Maggi 2-Minute Masala Noodles (4-Pack),Snacks & Instant Food,Nestlé India,56.0,80,30,Front Counter Rack,2026-08-12,13,728.0
KIRANA-PARLE-007,Parle-G Gold Glucose Biscuits (250g),Bakery & Biscuits,Parle Products,30.0,160,45,Front Counter Rack,2026-08-12,33,990.0
KIRANA-CHAI-008,Tata Tea Premium Desh Ki Chai (500g),Beverages & Tea,Tata Consumer Products,210.0,16,20,Shelf A3 (Beverages),2026-08-12,3,630.0
KIRANA-SURF-009,Surf Excel Easy Wash Detergent (1kg),Household Cleaning,Hindustan Unilever,145.0,38,15,Back Wall Shelf D1,2026-08-12,4,580.0
KIRANA-DETTOL-010,Dettol Germ Protection Soap (100g),Personal Care,Reckitt Benckiser,42.0,240,30,Back Wall Shelf D2,2026-08-12,8,336.0
KIRANA-DAL-011,Desi Toor Dal Unpolished (1kg),Pulses & Dals,Desi Agro Traders,165.0,22,20,Shelf B3 (Pulses),2026-08-12,3,495.0
KIRANA-SUGAR-012,Madhur Pure & Hygienic Sugar (1kg),Sugar & Jaggery,Shree Renuka Sugars,52.0,115,35,Shelf A1 (Flour Rack),2026-08-12,11,572.0
KIRANA-ATTA-001,Aashirvaad Shudh Chakki Atta (5kg),Atta & Flours,ITC Limited,245.0,8,15,Shelf A1 (Flour Rack),2026-08-13,2,490.0
KIRANA-OIL-002,Fortune Sunlite Refined Sunflower Oil (1L),Edible Oils,Adani Wilmar,135.0,45,20,Shelf A2 (Oils Rack),2026-08-13,5,675.0
KIRANA-MILK-003,Amul Taaza Homogenised Toned Milk (1L),Dairy & Daily Fresh,GCMMF (Amul),56.0,110,40,Cooler Rack C1 (Dairy),2026-08-13,49,2744.0
KIRANA-SALT-004,Tata Salt Iodised (1kg),Spices & Condiments,Tata Consumer Products,28.0,135,30,Shelf B1 (Spices),2026-08-13,12,336.0
KIRANA-RICE-005,India Gate Rozzana Basmati Rice (1kg),Rice & Grains,KRBL Limited,95.0,14,25,Shelf B2 (Grains),2026-08-13,5,475.0
KIRANA-MAGGI-006,Maggi 2-Minute Masala Noodles (4-Pack),Snacks & Instant Food,Nestlé India,56.0,80,30,Front Counter Rack,2026-08-13,12,672.0
KIRANA-PARLE-007,Parle-G Gold Glucose Biscuits (250g),Bakery & Biscuits,Parle Products,30.0,160,45,Front Counter Rack,2026-08-13,25,750.0
KIRANA-CHAI-008,Tata Tea Premium Desh Ki Chai (500g),Beverages & Tea,Tata Consumer Products,210.0,16,20,Shelf A3 (Beverages),2026-08-13,3,630.0
KIRANA-SURF-009,Surf Excel Easy Wash Detergent (1kg),Household Cleaning,Hindustan Unilever,145.0,38,15,Back Wall Shelf D1,2026-08-13,3,435.0
KIRANA-DETTOL-010,Dettol Germ Protection Soap (100g),Personal Care,Reckitt Benckiser,42.0,240,30,Back Wall Shelf D2,2026-08-13,3,126.0
KIRANA-DAL-011,Desi Toor Dal Unpolished (1kg),Pulses & Dals,Desi Agro Traders,165.0,22,20,Shelf B3 (Pulses),2026-08-13,3,495.0
KIRANA-SUGAR-012,Madhur Pure & Hygienic Sugar (1kg),Sugar & Jaggery,Shree Renuka Sugars,52.0,115,35,Shelf A1 (Flour Rack),2026-08-13,13,676.0
KIRANA-ATTA-001,Aashirvaad Shudh Chakki Atta (5kg),Atta & Flours,ITC Limited,245.0,8,15,Shelf A1 (Flour Rack),2026-08-14,6,1470.0
KIRANA-OIL-002,Fortune Sunlite Refined Sunflower Oil (1L),Edible Oils,Adani Wilmar,135.0,45,20,Shelf A2 (Oils Rack),2026-08-14,9,1215.0
KIRANA-MILK-003,Amul Taaza Homogenised Toned Milk (1L),Dairy & Daily Fresh,GCMMF (Amul),56.0,110,40,Cooler Rack C1 (Dairy),2026-08-14,30,1680.0
KIRANA-SALT-004,Tata Salt Iodised (1kg),Spices & Condiments,Tata Consumer Products,28.0,135,30,Shelf B1 (Spices),2026-08-14,23,644.0
KIRANA-RICE-005,India Gate Rozzana Basmati Rice (1kg),Rice & Grains,KRBL Limited,95.0,14,25,Shelf B2 (Grains),2026-08-14,6,570.0
KIRANA-MAGGI-006,Maggi 2-Minute Masala Noodles (4-Pack),Snacks & Instant Food,Nestlé India,56.0,80,30,Front Counter Rack,2026-08-14,20,1120.0
KIRANA-PARLE-007,Parle-G Gold Glucose Biscuits (250g),Bakery & Biscuits,Parle Products,30.0,160,45,Front Counter Rack,2026-08-14,29,870.0
KIRANA-CHAI-008,Tata Tea Premium Desh Ki Chai (500g),Beverages & Tea,Tata Consumer Products,210.0,16,20,Shelf A3 (Beverages),2026-08-14,5,1050.0
KIRANA-SURF-009,Surf Excel Easy Wash Detergent (1kg),Household Cleaning,Hindustan Unilever,145.0,38,15,Back Wall Shelf D1,2026-08-14,4,580.0
KIRANA-DETTOL-010,Dettol Germ Protection Soap (100g),Personal Care,Reckitt Benckiser,42.0,240,30,Back Wall Shelf D2,2026-08-14,7,294.0
KIRANA-DAL-011,Desi Toor Dal Unpolished (1kg),Pulses & Dals,Desi Agro Traders,165.0,22,20,Shelf B3 (Pulses),2026-08-14,6,990.0
KIRANA-SUGAR-012,Madhur Pure & Hygienic Sugar (1kg),Sugar & Jaggery,Shree Renuka Sugars,52.0,115,35,Shelf A1 (Flour Rack),2026-08-14,19,988.0
KIRANA-ATTA-001,Aashirvaad Shudh Chakki Atta (5kg),Atta & Flours,ITC Limited,245.0,8,15,Shelf A1 (Flour Rack),2026-08-15,7,1715.0
KIRANA-OIL-002,Fortune Sunlite Refined Sunflower Oil (1L),Edible Oils,Adani Wilmar,135.0,45,20,Shelf A2 (Oils Rack),2026-08-15,10,1350.0
KIRANA-MILK-003,Amul Taaza Homogenised Toned Milk (1L),Dairy & Daily Fresh,GCMMF (Amul),56.0,110,40,Cooler Rack C1 (Dairy),2026-08-15,39,2184.0
KIRANA-SALT-004,Tata Salt Iodised (1kg),Spices & Condiments,Tata Consumer Products,28.0,135,30,Shelf B1 (Spices),2026-08-15,11,308.0
KIRANA-RICE-005,India Gate Rozzana Basmati Rice (1kg),Rice & Grains,KRBL Limited,95.0,14,25,Shelf B2 (Grains),2026-08-15,5,475.0
KIRANA-MAGGI-006,Maggi 2-Minute Masala Noodles (4-Pack),Snacks & Instant Food,Nestlé India,56.0,80,30,Front Counter Rack,2026-08-15,21,1176.0
KIRANA-PARLE-007,Parle-G Gold Glucose Biscuits (250g),Bakery & Biscuits,Parle Products,30.0,160,45,Front Counter Rack,2026-08-15,25,750.0
KIRANA-CHAI-008,Tata Tea Premium Desh Ki Chai (500g),Beverages & Tea,Tata Consumer Products,210.0,16,20,Shelf A3 (Beverages),2026-08-15,2,420.0
KIRANA-SURF-009,Surf Excel Easy Wash Detergent (1kg),Household Cleaning,Hindustan Unilever,145.0,38,15,Back Wall Shelf D1,2026-08-15,3,435.0
KIRANA-DETTOL-010,Dettol Germ Protection Soap (100g),Personal Care,Reckitt Benckiser,42.0,240,30,Back Wall Shelf D2,2026-08-15,10,420.0
KIRANA-DAL-011,Desi Toor Dal Unpolished (1kg),Pulses & Dals,Desi Agro Traders,165.0,22,20,Shelf B3 (Pulses),2026-08-15,4,660.0
KIRANA-SUGAR-012,Madhur Pure & Hygienic Sugar (1kg),Sugar & Jaggery,Shree Renuka Sugars,52.0,115,35,Shelf A1 (Flour Rack),2026-08-15,19,988.0
KIRANA-ATTA-001,Aashirvaad Shudh Chakki Atta (5kg),Atta & Flours,ITC Limited,245.0,8,15,Shelf A1 (Flour Rack),2026-08-16,7,1715.0
KIRANA-OIL-002,Fortune Sunlite Refined Sunflower Oil (1L),Edible Oils,Adani Wilmar,135.0,45,20,Shelf A2 (Oils Rack),2026-08-16,7,945.0
KIRANA-MILK-003,Amul Taaza Homogenised Toned Milk (1L),Dairy & Daily Fresh,GCMMF (Amul),56.0,110,40,Cooler Rack C1 (Dairy),2026-08-16,58,3248.0
KIRANA-SALT-004,Tata Salt Iodised (1kg),Spices & Condiments,Tata Consumer Products,28.0,135,30,Shelf B1 (Spices),2026-08-16,19,532.0
KIRANA-RICE-005,India Gate Rozzana Basmati Rice (1kg),Rice & Grains,KRBL Limited,95.0,14,25,Shelf B2 (Grains),2026-08-16,8,760.0
KIRANA-MAGGI-006,Maggi 2-Minute Masala Noodles (4-Pack),Snacks & Instant Food,Nestlé India,56.0,80,30,Front Counter Rack,2026-08-16,17,952.0
KIRANA-PARLE-007,Parle-G Gold Glucose Biscuits (250g),Bakery & Biscuits,Parle Products,30.0,160,45,Front Counter Rack,2026-08-16,33,990.0
KIRANA-CHAI-008,Tata Tea Premium Desh Ki Chai (500g),Beverages & Tea,Tata Consumer Products,210.0,16,20,Shelf A3 (Beverages),2026-08-16,6,1260.0
KIRANA-SURF-009,Surf Excel Easy Wash Detergent (1kg),Household Cleaning,Hindustan Unilever,145.0,38,15,Back Wall Shelf D1,2026-08-16,5,725.0
KIRANA-DETTOL-010,Dettol Germ Protection Soap (100g),Personal Care,Reckitt Benckiser,42.0,240,30,Back Wall Shelf D2,2026-08-16,8,336.0
KIRANA-DAL-011,Desi Toor Dal Unpolished (1kg),Pulses & Dals,Desi Agro Traders,165.0,22,20,Shelf B3 (Pulses),2026-08-16,3,495.0
KIRANA-SUGAR-012,Madhur Pure & Hygienic Sugar (1kg),Sugar & Jaggery,Shree Renuka Sugars,52.0,115,35,Shelf A1 (Flour Rack),2026-08-16,22,1144.0
KIRANA-ATTA-001,Aashirvaad Shudh Chakki Atta (5kg),Atta & Flours,ITC Limited,245.0,8,15,Shelf A1 (Flour Rack),2026-08-17,4,980.0
KIRANA-OIL-002,Fortune Sunlite Refined Sunflower Oil (1L),Edible Oils,Adani Wilmar,135.0,45,20,Shelf A2 (Oils Rack),2026-08-17,5,675.0
KIRANA-MILK-003,Amul Taaza Homogenised Toned Milk (1L),Dairy & Daily Fresh,GCMMF (Amul),56.0,110,40,Cooler Rack C1 (Dairy),2026-08-17,21,1176.0
KIRANA-SALT-004,Tata Salt Iodised (1kg),Spices & Condiments,Tata Consumer Products,28.0,135,30,Shelf B1 (Spices),2026-08-17,10,280.0
KIRANA-RICE-005,India Gate Rozzana Basmati Rice (1kg),Rice & Grains,KRBL Limited,95.0,14,25,Shelf B2 (Grains),2026-08-17,3,285.0
KIRANA-MAGGI-006,Maggi 2-Minute Masala Noodles (4-Pack),Snacks & Instant Food,Nestlé India,56.0,80,30,Front Counter Rack,2026-08-17,13,728.0
KIRANA-PARLE-007,Parle-G Gold Glucose Biscuits (250g),Bakery & Biscuits,Parle Products,30.0,160,45,Front Counter Rack,2026-08-17,25,750.0
KIRANA-CHAI-008,Tata Tea Premium Desh Ki Chai (500g),Beverages & Tea,Tata Consumer Products,210.0,16,20,Shelf A3 (Beverages),2026-08-17,3,630.0
KIRANA-SURF-009,Surf Excel Easy Wash Detergent (1kg),Household Cleaning,Hindustan Unilever,145.0,38,15,Back Wall Shelf D1,2026-08-17,3,435.0
KIRANA-DETTOL-010,Dettol Germ Protection Soap (100g),Personal Care,Reckitt Benckiser,42.0,240,30,Back Wall Shelf D2,2026-08-17,5,210.0
KIRANA-DAL-011,Desi Toor Dal Unpolished (1kg),Pulses & Dals,Desi Agro Traders,165.0,22,20,Shelf B3 (Pulses),2026-08-17,4,660.0
KIRANA-SUGAR-012,Madhur Pure & Hygienic Sugar (1kg),Sugar & Jaggery,Shree Renuka Sugars,52.0,115,35,Shelf A1 (Flour Rack),2026-08-17,17,884.0
KIRANA-ATTA-001,Aashirvaad Shudh Chakki Atta (5kg),Atta & Flours,ITC Limited,245.0,8,15,Shelf A1 (Flour Rack),2026-08-18,3,735.0
KIRANA-OIL-002,Fortune Sunlite Refined Sunflower Oil (1L),Edible Oils,Adani Wilmar,135.0,45,20,Shelf A2 (Oils Rack),2026-08-18,5,675.0
KIRANA-MILK-003,Amul Taaza Homogenised Toned Milk (1L),Dairy & Daily Fresh,GCMMF (Amul),56.0,110,40,Cooler Rack C1 (Dairy),2026-08-18,27,1512.0
KIRANA-SALT-004,Tata Salt Iodised (1kg),Spices & Condiments,Tata Consumer Products,28.0,135,30,Shelf B1 (Spices),2026-08-18,10,280.0
KIRANA-RICE-005,India Gate Rozzana Basmati Rice (1kg),Rice & Grains,KRBL Limited,95.0,14,25,Shelf B2 (Grains),2026-08-18,4,380.0
KIRANA-MAGGI-006,Maggi 2-Minute Masala Noodles (4-Pack),Snacks & Instant Food,Nestlé India,56.0,80,30,Front Counter Rack,2026-08-18,17,952.0
KIRANA-PARLE-007,Parle-G Gold Glucose Biscuits (250g),Bakery & Biscuits,Parle Products,30.0,160,45,Front Counter Rack,2026-08-18,7,210.0
KIRANA-CHAI-008,Tata Tea Premium Desh Ki Chai (500g),Beverages & Tea,Tata Consumer Products,210.0,16,20,Shelf A3 (Beverages),2026-08-18,4,840.0
KIRANA-SURF-009,Surf Excel Easy Wash Detergent (1kg),Household Cleaning,Hindustan Unilever,145.0,38,15,Back Wall Shelf D1,2026-08-18,3,435.0
KIRANA-DETTOL-010,Dettol Germ Protection Soap (100g),Personal Care,Reckitt Benckiser,42.0,240,30,Back Wall Shelf D2,2026-08-18,6,252.0
KIRANA-DAL-011,Desi Toor Dal Unpolished (1kg),Pulses & Dals,Desi Agro Traders,165.0,22,20,Shelf B3 (Pulses),2026-08-18,4,660.0
KIRANA-SUGAR-012,Madhur Pure & Hygienic Sugar (1kg),Sugar & Jaggery,Shree Renuka Sugars,52.0,115,35,Shelf A1 (Flour Rack),2026-08-18,12,624.0
KIRANA-ATTA-001,Aashirvaad Shudh Chakki Atta (5kg),Atta & Flours,ITC Limited,245.0,8,15,Shelf A1 (Flour Rack),2026-08-19,4,980.0
KIRANA-OIL-002,Fortune Sunlite Refined Sunflower Oil (1L),Edible Oils,Adani Wilmar,135.0,45,20,Shelf A2 (Oils Rack),2026-08-19,4,540.0
KIRANA-MILK-003,Amul Taaza Homogenised Toned Milk (1L),Dairy & Daily Fresh,GCMMF (Amul),56.0,110,40,Cooler Rack C1 (Dairy),2026-08-19,38,2128.0
KIRANA-SALT-004,Tata Salt Iodised (1kg),Spices & Condiments,Tata Consumer Products,28.0,135,30,Shelf B1 (Spices),2026-08-19,12,336.0
KIRANA-RICE-005,India Gate Rozzana Basmati Rice (1kg),Rice & Grains,KRBL Limited,95.0,14,25,Shelf B2 (Grains),2026-08-19,5,475.0
KIRANA-MAGGI-006,Maggi 2-Minute Masala Noodles (4-Pack),Snacks & Instant Food,Nestlé India,56.0,80,30,Front Counter Rack,2026-08-19,14,784.0
KIRANA-PARLE-007,Parle-G Gold Glucose Biscuits (250g),Bakery & Biscuits,Parle Products,30.0,160,45,Front Counter Rack,2026-08-19,20,600.0
KIRANA-CHAI-008,Tata Tea Premium Desh Ki Chai (500g),Beverages & Tea,Tata Consumer Products,210.0,16,20,Shelf A3 (Beverages),2026-08-19,3,630.0
KIRANA-SURF-009,Surf Excel Easy Wash Detergent (1kg),Household Cleaning,Hindustan Unilever,145.0,38,15,Back Wall Shelf D1,2026-08-19,3,435.0
KIRANA-DETTOL-010,Dettol Germ Protection Soap (100g),Personal Care,Reckitt Benckiser,42.0,240,30,Back Wall Shelf D2,2026-08-19,7,294.0
KIRANA-DAL-011,Desi Toor Dal Unpolished (1kg),Pulses & Dals,Desi Agro Traders,165.0,22,20,Shelf B3 (Pulses),2026-08-19,5,825.0
KIRANA-SUGAR-012,Madhur Pure & Hygienic Sugar (1kg),Sugar & Jaggery,Shree Renuka Sugars,52.0,115,35,Shelf A1 (Flour Rack),2026-08-19,10,520.0
KIRANA-ATTA-001,Aashirvaad Shudh Chakki Atta (5kg),Atta & Flours,ITC Limited,245.0,8,15,Shelf A1 (Flour Rack),2026-08-20,4,980.0
KIRANA-OIL-002,Fortune Sunlite Refined Sunflower Oil (1L),Edible Oils,Adani Wilmar,135.0,45,20,Shelf A2 (Oils Rack),2026-08-20,6,810.0
KIRANA-MILK-003,Amul Taaza Homogenised Toned Milk (1L),Dairy & Daily Fresh,GCMMF (Amul),56.0,110,40,Cooler Rack C1 (Dairy),2026-08-20,27,1512.0
KIRANA-SALT-004,Tata Salt Iodised (1kg),Spices & Condiments,Tata Consumer Products,28.0,135,30,Shelf B1 (Spices),2026-08-20,15,420.0
KIRANA-RICE-005,India Gate Rozzana Basmati Rice (1kg),Rice & Grains,KRBL Limited,95.0,14,25,Shelf B2 (Grains),2026-08-20,5,475.0
KIRANA-MAGGI-006,Maggi 2-Minute Masala Noodles (4-Pack),Snacks & Instant Food,Nestlé India,56.0,80,30,Front Counter Rack,2026-08-20,15,840.0
KIRANA-PARLE-007,Parle-G Gold Glucose Biscuits (250g),Bakery & Biscuits,Parle Products,30.0,160,45,Front Counter Rack,2026-08-20,15,450.0
KIRANA-CHAI-008,Tata Tea Premium Desh Ki Chai (500g),Beverages & Tea,Tata Consumer Products,210.0,16,20,Shelf A3 (Beverages),2026-08-20,3,630.0
KIRANA-SURF-009,Surf Excel Easy Wash Detergent (1kg),Household Cleaning,Hindustan Unilever,145.0,38,15,Back Wall Shelf D1,2026-08-20,4,580.0
KIRANA-DETTOL-010,Dettol Germ Protection Soap (100g),Personal Care,Reckitt Benckiser,42.0,240,30,Back Wall Shelf D2,2026-08-20,6,252.0
KIRANA-DAL-011,Desi Toor Dal Unpolished (1kg),Pulses & Dals,Desi Agro Traders,165.0,22,20,Shelf B3 (Pulses),2026-08-20,5,825.0
KIRANA-SUGAR-012,Madhur Pure & Hygienic Sugar (1kg),Sugar & Jaggery,Shree Renuka Sugars,52.0,115,35,Shelf A1 (Flour Rack),2026-08-20,9,468.0
KIRANA-ATTA-001,Aashirvaad Shudh Chakki Atta (5kg),Atta & Flours,ITC Limited,245.0,8,15,Shelf A1 (Flour Rack),2026-08-21,7,1715.0
KIRANA-OIL-002,Fortune Sunlite Refined Sunflower Oil (1L),Edible Oils,Adani Wilmar,135.0,45,20,Shelf A2 (Oils Rack),2026-08-21,9,1215.0
KIRANA-MILK-003,Amul Taaza Homogenised Toned Milk (1L),Dairy & Daily Fresh,GCMMF (Amul),56.0,110,40,Cooler Rack C1 (Dairy),2026-08-21,35,1960.0
KIRANA-SALT-004,Tata Salt Iodised (1kg),Spices & Condiments,Tata Consumer Products,28.0,135,30,Shelf B1 (Spices),2026-08-21,15,420.0
KIRANA-RICE-005,India Gate Rozzana Basmati Rice (1kg),Rice & Grains,KRBL Limited,95.0,14,25,Shelf B2 (Grains),2026-08-21,8,760.0
KIRANA-MAGGI-006,Maggi 2-Minute Masala Noodles (4-Pack),Snacks & Instant Food,Nestlé India,56.0,80,30,Front Counter Rack,2026-08-21,19,1064.0
KIRANA-PARLE-007,Parle-G Gold Glucose Biscuits (250g),Bakery & Biscuits,Parle Products,30.0,160,45,Front Counter Rack,2026-08-21,57,1710.0
KIRANA-CHAI-008,Tata Tea Premium Desh Ki Chai (500g),Beverages & Tea,Tata Consumer Products,210.0,16,20,Shelf A3 (Beverages),2026-08-21,4,840.0
KIRANA-SURF-009,Surf Excel Easy Wash Detergent (1kg),Household Cleaning,Hindustan Unilever,145.0,38,15,Back Wall Shelf D1,2026-08-21,5,725.0
KIRANA-DETTOL-010,Dettol Germ Protection Soap (100g),Personal Care,Reckitt Benckiser,42.0,240,30,Back Wall Shelf D2,2026-08-21,6,252.0
KIRANA-DAL-011,Desi Toor Dal Unpolished (1kg),Pulses & Dals,Desi Agro Traders,165.0,22,20,Shelf B3 (Pulses),2026-08-21,7,1155.0
KIRANA-SUGAR-012,Madhur Pure & Hygienic Sugar (1kg),Sugar & Jaggery,Shree Renuka Sugars,52.0,115,35,Shelf A1 (Flour Rack),2026-08-21,22,1144.0
KIRANA-ATTA-001,Aashirvaad Shudh Chakki Atta (5kg),Atta & Flours,ITC Limited,245.0,8,15,Shelf A1 (Flour Rack),2026-08-22,6,1470.0
KIRANA-OIL-002,Fortune Sunlite Refined Sunflower Oil (1L),Edible Oils,Adani Wilmar,135.0,45,20,Shelf A2 (Oils Rack),2026-08-22,6,810.0
KIRANA-MILK-003,Amul Taaza Homogenised Toned Milk (1L),Dairy & Daily Fresh,GCMMF (Amul),56.0,110,40,Cooler Rack C1 (Dairy),2026-08-22,37,2072.0
KIRANA-SALT-004,Tata Salt Iodised (1kg),Spices & Condiments,Tata Consumer Products,28.0,135,30,Shelf B1 (Spices),2026-08-22,16,448.0
KIRANA-RICE-005,India Gate Rozzana Basmati Rice (1kg),Rice & Grains,KRBL Limited,95.0,14,25,Shelf B2 (Grains),2026-08-22,8,760.0
KIRANA-MAGGI-006,Maggi 2-Minute Masala Noodles (4-Pack),Snacks & Instant Food,Nestlé India,56.0,80,30,Front Counter Rack,2026-08-22,14,784.0
KIRANA-PARLE-007,Parle-G Gold Glucose Biscuits (250g),Bakery & Biscuits,Parle Products,30.0,160,45,Front Counter Rack,2026-08-22,21,630.0
KIRANA-CHAI-008,Tata Tea Premium Desh Ki Chai (500g),Beverages & Tea,Tata Consumer Products,210.0,16,20,Shelf A3 (Beverages),2026-08-22,7,1470.0
KIRANA-SURF-009,Surf Excel Easy Wash Detergent (1kg),Household Cleaning,Hindustan Unilever,145.0,38,15,Back Wall Shelf D1,2026-08-22,6,870.0
KIRANA-DETTOL-010,Dettol Germ Protection Soap (100g),Personal Care,Reckitt Benckiser,42.0,240,30,Back Wall Shelf D2,2026-08-22,10,420.0
KIRANA-DAL-011,Desi Toor Dal Unpolished (1kg),Pulses & Dals,Desi Agro Traders,165.0,22,20,Shelf B3 (Pulses),2026-08-22,5,825.0
KIRANA-SUGAR-012,Madhur Pure & Hygienic Sugar (1kg),Sugar & Jaggery,Shree Renuka Sugars,52.0,115,35,Shelf A1 (Flour Rack),2026-08-22,20,1040.0
KIRANA-ATTA-001,Aashirvaad Shudh Chakki Atta (5kg),Atta & Flours,ITC Limited,245.0,8,15,Shelf A1 (Flour Rack),2026-08-23,5,1225.0
KIRANA-OIL-002,Fortune Sunlite Refined Sunflower Oil (1L),Edible Oils,Adani Wilmar,135.0,45,20,Shelf A2 (Oils Rack),2026-08-23,9,1215.0
KIRANA-MILK-003,Amul Taaza Homogenised Toned Milk (1L),Dairy & Daily Fresh,GCMMF (Amul),56.0,110,40,Cooler Rack C1 (Dairy),2026-08-23,33,1848.0
KIRANA-SALT-004,Tata Salt Iodised (1kg),Spices & Condiments,Tata Consumer Products,28.0,135,30,Shelf B1 (Spices),2026-08-23,15,420.0
KIRANA-RICE-005,India Gate Rozzana Basmati Rice (1kg),Rice & Grains,KRBL Limited,95.0,14,25,Shelf B2 (Grains),2026-08-23,13,1235.0
KIRANA-MAGGI-006,Maggi 2-Minute Masala Noodles (4-Pack),Snacks & Instant Food,Nestlé India,56.0,80,30,Front Counter Rack,2026-08-23,18,1008.0
KIRANA-PARLE-007,Parle-G Gold Glucose Biscuits (250g),Bakery & Biscuits,Parle Products,30.0,160,45,Front Counter Rack,2026-08-23,30,900.0
KIRANA-CHAI-008,Tata Tea Premium Desh Ki Chai (500g),Beverages & Tea,Tata Consumer Products,210.0,16,20,Shelf A3 (Beverages),2026-08-23,4,840.0
KIRANA-SURF-009,Surf Excel Easy Wash Detergent (1kg),Household Cleaning,Hindustan Unilever,145.0,38,15,Back Wall Shelf D1,2026-08-23,4,580.0
KIRANA-DETTOL-010,Dettol Germ Protection Soap (100g),Personal Care,Reckitt Benckiser,42.0,240,30,Back Wall Shelf D2,2026-08-23,9,378.0
KIRANA-DAL-011,Desi Toor Dal Unpolished (1kg),Pulses & Dals,Desi Agro Traders,165.0,22,20,Shelf B3 (Pulses),2026-08-23,5,825.0
KIRANA-SUGAR-012,Madhur Pure & Hygienic Sugar (1kg),Sugar & Jaggery,Shree Renuka Sugars,52.0,115,35,Shelf A1 (Flour Rack),2026-08-23,21,1092.0
KIRANA-ATTA-001,Aashirvaad Shudh Chakki Atta (5kg),Atta & Flours,ITC Limited,245.0,8,15,Shelf A1 (Flour Rack),2026-08-24,4,980.0
KIRANA-OIL-002,Fortune Sunlite Refined Sunflower Oil (1L),Edible Oils,Adani Wilmar,135.0,45,20,Shelf A2 (Oils Rack),2026-08-24,6,810.0
KIRANA-MILK-003,Amul Taaza Homogenised Toned Milk (1L),Dairy & Daily Fresh,GCMMF (Amul),56.0,110,40,Cooler Rack C1 (Dairy),2026-08-24,22,1232.0
KIRANA-SALT-004,Tata Salt Iodised (1kg),Spices & Condiments,Tata Consumer Products,28.0,135,30,Shelf B1 (Spices),2026-08-24,7,196.0
KIRANA-RICE-005,India Gate Rozzana Basmati Rice (1kg),Rice & Grains,KRBL Limited,95.0,14,25,Shelf B2 (Grains),2026-08-24,4,380.0
KIRANA-MAGGI-006,Maggi 2-Minute Masala Noodles (4-Pack),Snacks & Instant Food,Nestlé India,56.0,80,30,Front Counter Rack,2026-08-24,14,784.0
KIRANA-PARLE-007,Parle-G Gold Glucose Biscuits (250g),Bakery & Biscuits,Parle Products,30.0,160,45,Front Counter Rack,2026-08-24,17,510.0
KIRANA-CHAI-008,Tata Tea Premium Desh Ki Chai (500g),Beverages & Tea,Tata Consumer Products,210.0,16,20,Shelf A3 (Beverages),2026-08-24,3,630.0
KIRANA-SURF-009,Surf Excel Easy Wash Detergent (1kg),Household Cleaning,Hindustan Unilever,145.0,38,15,Back Wall Shelf D1,2026-08-24,3,435.0
KIRANA-DETTOL-010,Dettol Germ Protection Soap (100g),Personal Care,Reckitt Benckiser,42.0,240,30,Back Wall Shelf D2,2026-08-24,7,294.0
KIRANA-DAL-011,Desi Toor Dal Unpolished (1kg),Pulses & Dals,Desi Agro Traders,165.0,22,20,Shelf B3 (Pulses),2026-08-24,4,660.0
KIRANA-SUGAR-012,Madhur Pure & Hygienic Sugar (1kg),Sugar & Jaggery,Shree Renuka Sugars,52.0,115,35,Shelf A1 (Flour Rack),2026-08-24,15,780.0
KIRANA-ATTA-001,Aashirvaad Shudh Chakki Atta (5kg),Atta & Flours,ITC Limited,245.0,8,15,Shelf A1 (Flour Rack),2026-08-25,3,735.0
KIRANA-OIL-002,Fortune Sunlite Refined Sunflower Oil (1L),Edible Oils,Adani Wilmar,135.0,45,20,Shelf A2 (Oils Rack),2026-08-25,7,945.0
KIRANA-MILK-003,Amul Taaza Homogenised Toned Milk (1L),Dairy & Daily Fresh,GCMMF (Amul),56.0,110,40,Cooler Rack C1 (Dairy),2026-08-25,28,1568.0
KIRANA-SALT-004,Tata Salt Iodised (1kg),Spices & Condiments,Tata Consumer Products,28.0,135,30,Shelf B1 (Spices),2026-08-25,23,644.0
KIRANA-RICE-005,India Gate Rozzana Basmati Rice (1kg),Rice & Grains,KRBL Limited,95.0,14,25,Shelf B2 (Grains),2026-08-25,3,285.0
KIRANA-MAGGI-006,Maggi 2-Minute Masala Noodles (4-Pack),Snacks & Instant Food,Nestlé India,56.0,80,30,Front Counter Rack,2026-08-25,15,840.0
KIRANA-PARLE-007,Parle-G Gold Glucose Biscuits (250g),Bakery & Biscuits,Parle Products,30.0,160,45,Front Counter Rack,2026-08-25,21,630.0
KIRANA-CHAI-008,Tata Tea Premium Desh Ki Chai (500g),Beverages & Tea,Tata Consumer Products,210.0,16,20,Shelf A3 (Beverages),2026-08-25,3,630.0
KIRANA-SURF-009,Surf Excel Easy Wash Detergent (1kg),Household Cleaning,Hindustan Unilever,145.0,38,15,Back Wall Shelf D1,2026-08-25,3,435.0
KIRANA-DETTOL-010,Dettol Germ Protection Soap (100g),Personal Care,Reckitt Benckiser,42.0,240,30,Back Wall Shelf D2,2026-08-25,12,504.0
KIRANA-DAL-011,Desi Toor Dal Unpolished (1kg),Pulses & Dals,Desi Agro Traders,165.0,22,20,Shelf B3 (Pulses),2026-08-25,4,660.0
KIRANA-SUGAR-012,Madhur Pure & Hygienic Sugar (1kg),Sugar & Jaggery,Shree Renuka Sugars,52.0,115,35,Shelf A1 (Flour Rack),2026-08-25,12,624.0
KIRANA-ATTA-001,Aashirvaad Shudh Chakki Atta (5kg),Atta & Flours,ITC Limited,245.0,8,15,Shelf A1 (Flour Rack),2026-08-26,5,1225.0
KIRANA-OIL-002,Fortune Sunlite Refined Sunflower Oil (1L),Edible Oils,Adani Wilmar,135.0,45,20,Shelf A2 (Oils Rack),2026-08-26,5,675.0
KIRANA-MILK-003,Amul Taaza Homogenised Toned Milk (1L),Dairy & Daily Fresh,GCMMF (Amul),56.0,110,40,Cooler Rack C1 (Dairy),2026-08-26,31,1736.0
KIRANA-SALT-004,Tata Salt Iodised (1kg),Spices & Condiments,Tata Consumer Products,28.0,135,30,Shelf B1 (Spices),2026-08-26,9,252.0
KIRANA-RICE-005,India Gate Rozzana Basmati Rice (1kg),Rice & Grains,KRBL Limited,95.0,14,25,Shelf B2 (Grains),2026-08-26,6,570.0
KIRANA-MAGGI-006,Maggi 2-Minute Masala Noodles (4-Pack),Snacks & Instant Food,Nestlé India,56.0,80,30,Front Counter Rack,2026-08-26,14,784.0
KIRANA-PARLE-007,Parle-G Gold Glucose Biscuits (250g),Bakery & Biscuits,Parle Products,30.0,160,45,Front Counter Rack,2026-08-26,18,540.0
KIRANA-CHAI-008,Tata Tea Premium Desh Ki Chai (500g),Beverages & Tea,Tata Consumer Products,210.0,16,20,Shelf A3 (Beverages),2026-08-26,2,420.0
KIRANA-SURF-009,Surf Excel Easy Wash Detergent (1kg),Household Cleaning,Hindustan Unilever,145.0,38,15,Back Wall Shelf D1,2026-08-26,1,145.0
KIRANA-DETTOL-010,Dettol Germ Protection Soap (100g),Personal Care,Reckitt Benckiser,42.0,240,30,Back Wall Shelf D2,2026-08-26,5,210.0
KIRANA-DAL-011,Desi Toor Dal Unpolished (1kg),Pulses & Dals,Desi Agro Traders,165.0,22,20,Shelf B3 (Pulses),2026-08-26,4,660.0
KIRANA-SUGAR-012,Madhur Pure & Hygienic Sugar (1kg),Sugar & Jaggery,Shree Renuka Sugars,52.0,115,35,Shelf A1 (Flour Rack),2026-08-26,16,832.0
KIRANA-ATTA-001,Aashirvaad Shudh Chakki Atta (5kg),Atta & Flours,ITC Limited,245.0,8,15,Shelf A1 (Flour Rack),2026-08-27,3,735.0
KIRANA-OIL-002,Fortune Sunlite Refined Sunflower Oil (1L),Edible Oils,Adani Wilmar,135.0,45,20,Shelf A2 (Oils Rack),2026-08-27,5,675.0
KIRANA-MILK-003,Amul Taaza Homogenised Toned Milk (1L),Dairy & Daily Fresh,GCMMF (Amul),56.0,110,40,Cooler Rack C1 (Dairy),2026-08-27,27,1512.0
KIRANA-SALT-004,Tata Salt Iodised (1kg),Spices & Condiments,Tata Consumer Products,28.0,135,30,Shelf B1 (Spices),2026-08-27,13,364.0
KIRANA-RICE-005,India Gate Rozzana Basmati Rice (1kg),Rice & Grains,KRBL Limited,95.0,14,25,Shelf B2 (Grains),2026-08-27,5,475.0
KIRANA-MAGGI-006,Maggi 2-Minute Masala Noodles (4-Pack),Snacks & Instant Food,Nestlé India,56.0,80,30,Front Counter Rack,2026-08-27,16,896.0
KIRANA-PARLE-007,Parle-G Gold Glucose Biscuits (250g),Bakery & Biscuits,Parle Products,30.0,160,45,Front Counter Rack,2026-08-27,28,840.0
KIRANA-CHAI-008,Tata Tea Premium Desh Ki Chai (500g),Beverages & Tea,Tata Consumer Products,210.0,16,20,Shelf A3 (Beverages),2026-08-27,4,840.0
KIRANA-SURF-009,Surf Excel Easy Wash Detergent (1kg),Household Cleaning,Hindustan Unilever,145.0,38,15,Back Wall Shelf D1,2026-08-27,3,435.0
KIRANA-DETTOL-010,Dettol Germ Protection Soap (100g),Personal Care,Reckitt Benckiser,42.0,240,30,Back Wall Shelf D2,2026-08-27,7,294.0
KIRANA-DAL-011,Desi Toor Dal Unpolished (1kg),Pulses & Dals,Desi Agro Traders,165.0,22,20,Shelf B3 (Pulses),2026-08-27,3,495.0
KIRANA-SUGAR-012,Madhur Pure & Hygienic Sugar (1kg),Sugar & Jaggery,Shree Renuka Sugars,52.0,115,35,Shelf A1 (Flour Rack),2026-08-27,8,416.0
KIRANA-ATTA-001,Aashirvaad Shudh Chakki Atta (5kg),Atta & Flours,ITC Limited,245.0,8,15,Shelf A1 (Flour Rack),2026-08-28,7,1715.0
KIRANA-OIL-002,Fortune Sunlite Refined Sunflower Oil (1L),Edible Oils,Adani Wilmar,135.0,45,20,Shelf A2 (Oils Rack),2026-08-28,8,1080.0
KIRANA-MILK-003,Amul Taaza Homogenised Toned Milk (1L),Dairy & Daily Fresh,GCMMF (Amul),56.0,110,40,Cooler Rack C1 (Dairy),2026-08-28,43,2408.0
KIRANA-SALT-004,Tata Salt Iodised (1kg),Spices & Condiments,Tata Consumer Products,28.0,135,30,Shelf B1 (Spices),2026-08-28,15,420.0
KIRANA-RICE-005,India Gate Rozzana Basmati Rice (1kg),Rice & Grains,KRBL Limited,95.0,14,25,Shelf B2 (Grains),2026-08-28,6,570.0
KIRANA-MAGGI-006,Maggi 2-Minute Masala Noodles (4-Pack),Snacks & Instant Food,Nestlé India,56.0,80,30,Front Counter Rack,2026-08-28,18,1008.0
KIRANA-PARLE-007,Parle-G Gold Glucose Biscuits (250g),Bakery & Biscuits,Parle Products,30.0,160,45,Front Counter Rack,2026-08-28,36,1080.0
KIRANA-CHAI-008,Tata Tea Premium Desh Ki Chai (500g),Beverages & Tea,Tata Consumer Products,210.0,16,20,Shelf A3 (Beverages),2026-08-28,5,1050.0
KIRANA-SURF-009,Surf Excel Easy Wash Detergent (1kg),Household Cleaning,Hindustan Unilever,145.0,38,15,Back Wall Shelf D1,2026-08-28,5,725.0
KIRANA-DETTOL-010,Dettol Germ Protection Soap (100g),Personal Care,Reckitt Benckiser,42.0,240,30,Back Wall Shelf D2,2026-08-28,9,378.0
KIRANA-DAL-011,Desi Toor Dal Unpolished (1kg),Pulses & Dals,Desi Agro Traders,165.0,22,20,Shelf B3 (Pulses),2026-08-28,6,990.0
KIRANA-SUGAR-012,Madhur Pure & Hygienic Sugar (1kg),Sugar & Jaggery,Shree Renuka Sugars,52.0,115,35,Shelf A1 (Flour Rack),2026-08-28,19,988.0
KIRANA-ATTA-001,Aashirvaad Shudh Chakki Atta (5kg),Atta & Flours,ITC Limited,245.0,8,15,Shelf A1 (Flour Rack),2026-08-29,10,2450.0
KIRANA-OIL-002,Fortune Sunlite Refined Sunflower Oil (1L),Edible Oils,Adani Wilmar,135.0,45,20,Shelf A2 (Oils Rack),2026-08-29,7,945.0
KIRANA-MILK-003,Amul Taaza Homogenised Toned Milk (1L),Dairy & Daily Fresh,GCMMF (Amul),56.0,110,40,Cooler Rack C1 (Dairy),2026-08-29,34,1904.0
KIRANA-SALT-004,Tata Salt Iodised (1kg),Spices & Condiments,Tata Consumer Products,28.0,135,30,Shelf B1 (Spices),2026-08-29,17,476.0
KIRANA-RICE-005,India Gate Rozzana Basmati Rice (1kg),Rice & Grains,KRBL Limited,95.0,14,25,Shelf B2 (Grains),2026-08-29,5,475.0
KIRANA-MAGGI-006,Maggi 2-Minute Masala Noodles (4-Pack),Snacks & Instant Food,Nestlé India,56.0,80,30,Front Counter Rack,2026-08-29,23,1288.0
KIRANA-PARLE-007,Parle-G Gold Glucose Biscuits (250g),Bakery & Biscuits,Parle Products,30.0,160,45,Front Counter Rack,2026-08-29,33,990.0
KIRANA-CHAI-008,Tata Tea Premium Desh Ki Chai (500g),Beverages & Tea,Tata Consumer Products,210.0,16,20,Shelf A3 (Beverages),2026-08-29,5,1050.0
KIRANA-SURF-009,Surf Excel Easy Wash Detergent (1kg),Household Cleaning,Hindustan Unilever,145.0,38,15,Back Wall Shelf D1,2026-08-29,3,435.0
KIRANA-DETTOL-010,Dettol Germ Protection Soap (100g),Personal Care,Reckitt Benckiser,42.0,240,30,Back Wall Shelf D2,2026-08-29,9,378.0
KIRANA-DAL-011,Desi Toor Dal Unpolished (1kg),Pulses & Dals,Desi Agro Traders,165.0,22,20,Shelf B3 (Pulses),2026-08-29,5,825.0
KIRANA-SUGAR-012,Madhur Pure & Hygienic Sugar (1kg),Sugar & Jaggery,Shree Renuka Sugars,52.0,115,35,Shelf A1 (Flour Rack),2026-08-29,12,624.0
KIRANA-ATTA-001,Aashirvaad Shudh Chakki Atta (5kg),Atta & Flours,ITC Limited,245.0,8,15,Shelf A1 (Flour Rack),2026-08-30,11,2695.0
KIRANA-OIL-002,Fortune Sunlite Refined Sunflower Oil (1L),Edible Oils,Adani Wilmar,135.0,45,20,Shelf A2 (Oils Rack),2026-08-30,8,1080.0
KIRANA-MILK-003,Amul Taaza Homogenised Toned Milk (1L),Dairy & Daily Fresh,GCMMF (Amul),56.0,110,40,Cooler Rack C1 (Dairy),2026-08-30,39,2184.0
KIRANA-SALT-004,Tata Salt Iodised (1kg),Spices & Condiments,Tata Consumer Products,28.0,135,30,Shelf B1 (Spices),2026-08-30,19,532.0
KIRANA-RICE-005,India Gate Rozzana Basmati Rice (1kg),Rice & Grains,KRBL Limited,95.0,14,25,Shelf B2 (Grains),2026-08-30,5,475.0
KIRANA-MAGGI-006,Maggi 2-Minute Masala Noodles (4-Pack),Snacks & Instant Food,Nestlé India,56.0,80,30,Front Counter Rack,2026-08-30,17,952.0
KIRANA-PARLE-007,Parle-G Gold Glucose Biscuits (250g),Bakery & Biscuits,Parle Products,30.0,160,45,Front Counter Rack,2026-08-30,34,1020.0
KIRANA-CHAI-008,Tata Tea Premium Desh Ki Chai (500g),Beverages & Tea,Tata Consumer Products,210.0,16,20,Shelf A3 (Beverages),2026-08-30,9,1890.0
KIRANA-SURF-009,Surf Excel Easy Wash Detergent (1kg),Household Cleaning,Hindustan Unilever,145.0,38,15,Back Wall Shelf D1,2026-08-30,3,435.0
KIRANA-DETTOL-010,Dettol Germ Protection Soap (100g),Personal Care,Reckitt Benckiser,42.0,240,30,Back Wall Shelf D2,2026-08-30,5,210.0
KIRANA-DAL-011,Desi Toor Dal Unpolished (1kg),Pulses & Dals,Desi Agro Traders,165.0,22,20,Shelf B3 (Pulses),2026-08-30,7,1155.0
KIRANA-SUGAR-012,Madhur Pure & Hygienic Sugar (1kg),Sugar & Jaggery,Shree Renuka Sugars,52.0,115,35,Shelf A1 (Flour Rack),2026-08-30,20,1040.0
KIRANA-ATTA-001,Aashirvaad Shudh Chakki Atta (5kg),Atta & Flours,ITC Limited,245.0,8,15,Shelf A1 (Flour Rack),2026-08-31,4,980.0
KIRANA-OIL-002,Fortune Sunlite Refined Sunflower Oil (1L),Edible Oils,Adani Wilmar,135.0,45,20,Shelf A2 (Oils Rack),2026-08-31,3,405.0
KIRANA-MILK-003,Amul Taaza Homogenised Toned Milk (1L),Dairy & Daily Fresh,GCMMF (Amul),56.0,110,40,Cooler Rack C1 (Dairy),2026-08-31,37,2072.0
KIRANA-SALT-004,Tata Salt Iodised (1kg),Spices & Condiments,Tata Consumer Products,28.0,135,30,Shelf B1 (Spices),2026-08-31,11,308.0
KIRANA-RICE-005,India Gate Rozzana Basmati Rice (1kg),Rice & Grains,KRBL Limited,95.0,14,25,Shelf B2 (Grains),2026-08-31,4,380.0
KIRANA-MAGGI-006,Maggi 2-Minute Masala Noodles (4-Pack),Snacks & Instant Food,Nestlé India,56.0,80,30,Front Counter Rack,2026-08-31,17,952.0
KIRANA-PARLE-007,Parle-G Gold Glucose Biscuits (250g),Bakery & Biscuits,Parle Products,30.0,160,45,Front Counter Rack,2026-08-31,24,720.0
KIRANA-CHAI-008,Tata Tea Premium Desh Ki Chai (500g),Beverages & Tea,Tata Consumer Products,210.0,16,20,Shelf A3 (Beverages),2026-08-31,3,630.0
KIRANA-SURF-009,Surf Excel Easy Wash Detergent (1kg),Household Cleaning,Hindustan Unilever,145.0,38,15,Back Wall Shelf D1,2026-08-31,4,580.0
KIRANA-DETTOL-010,Dettol Germ Protection Soap (100g),Personal Care,Reckitt Benckiser,42.0,240,30,Back Wall Shelf D2,2026-08-31,4,168.0
KIRANA-DAL-011,Desi Toor Dal Unpolished (1kg),Pulses & Dals,Desi Agro Traders,165.0,22,20,Shelf B3 (Pulses),2026-08-31,4,660.0
KIRANA-SUGAR-012,Madhur Pure & Hygienic Sugar (1kg),Sugar & Jaggery,Shree Renuka Sugars,52.0,115,35,Shelf A1 (Flour Rack),2026-08-31,13,676.0
KIRANA-ATTA-001,Aashirvaad Shudh Chakki Atta (5kg),Atta & Flours,ITC Limited,245.0,8,15,Shelf A1 (Flour Rack),2026-09-01,3,735.0
KIRANA-OIL-002,Fortune Sunlite Refined Sunflower Oil (1L),Edible Oils,Adani Wilmar,135.0,45,20,Shelf A2 (Oils Rack),2026-09-01,6,810.0
KIRANA-MILK-003,Amul Taaza Homogenised Toned Milk (1L),Dairy & Daily Fresh,GCMMF (Amul),56.0,110,40,Cooler Rack C1 (Dairy),2026-09-01,34,1904.0
KIRANA-SALT-004,Tata Salt Iodised (1kg),Spices & Condiments,Tata Consumer Products,28.0,135,30,Shelf B1 (Spices),2026-09-01,8,224.0
KIRANA-RICE-005,India Gate Rozzana Basmati Rice (1kg),Rice & Grains,KRBL Limited,95.0,14,25,Shelf B2 (Grains),2026-09-01,5,475.0
KIRANA-MAGGI-006,Maggi 2-Minute Masala Noodles (4-Pack),Snacks & Instant Food,Nestlé India,56.0,80,30,Front Counter Rack,2026-09-01,18,1008.0
KIRANA-PARLE-007,Parle-G Gold Glucose Biscuits (250g),Bakery & Biscuits,Parle Products,30.0,160,45,Front Counter Rack,2026-09-01,33,990.0
KIRANA-CHAI-008,Tata Tea Premium Desh Ki Chai (500g),Beverages & Tea,Tata Consumer Products,210.0,16,20,Shelf A3 (Beverages),2026-09-01,4,840.0
KIRANA-SURF-009,Surf Excel Easy Wash Detergent (1kg),Household Cleaning,Hindustan Unilever,145.0,38,15,Back Wall Shelf D1,2026-09-01,3,435.0
KIRANA-DETTOL-010,Dettol Germ Protection Soap (100g),Personal Care,Reckitt Benckiser,42.0,240,30,Back Wall Shelf D2,2026-09-01,4,168.0
KIRANA-DAL-011,Desi Toor Dal Unpolished (1kg),Pulses & Dals,Desi Agro Traders,165.0,22,20,Shelf B3 (Pulses),2026-09-01,4,660.0
KIRANA-SUGAR-012,Madhur Pure & Hygienic Sugar (1kg),Sugar & Jaggery,Shree Renuka Sugars,52.0,115,35,Shelf A1 (Flour Rack),2026-09-01,14,728.0
KIRANA-ATTA-001,Aashirvaad Shudh Chakki Atta (5kg),Atta & Flours,ITC Limited,245.0,8,15,Shelf A1 (Flour Rack),2026-09-02,4,980.0
KIRANA-OIL-002,Fortune Sunlite Refined Sunflower Oil (1L),Edible Oils,Adani Wilmar,135.0,45,20,Shelf A2 (Oils Rack),2026-09-02,4,540.0
KIRANA-MILK-003,Amul Taaza Homogenised Toned Milk (1L),Dairy & Daily Fresh,GCMMF (Amul),56.0,110,40,Cooler Rack C1 (Dairy),2026-09-02,24,1344.0
KIRANA-SALT-004,Tata Salt Iodised (1kg),Spices & Condiments,Tata Consumer Products,28.0,135,30,Shelf B1 (Spices),2026-09-02,9,252.0
KIRANA-RICE-005,India Gate Rozzana Basmati Rice (1kg),Rice & Grains,KRBL Limited,95.0,14,25,Shelf B2 (Grains),2026-09-02,5,475.0
KIRANA-MAGGI-006,Maggi 2-Minute Masala Noodles (4-Pack),Snacks & Instant Food,Nestlé India,56.0,80,30,Front Counter Rack,2026-09-02,19,1064.0
KIRANA-PARLE-007,Parle-G Gold Glucose Biscuits (250g),Bakery & Biscuits,Parle Products,30.0,160,45,Front Counter Rack,2026-09-02,18,540.0
KIRANA-CHAI-008,Tata Tea Premium Desh Ki Chai (500g),Beverages & Tea,Tata Consumer Products,210.0,16,20,Shelf A3 (Beverages),2026-09-02,4,840.0
KIRANA-SURF-009,Surf Excel Easy Wash Detergent (1kg),Household Cleaning,Hindustan Unilever,145.0,38,15,Back Wall Shelf D1,2026-09-02,2,290.0
KIRANA-DETTOL-010,Dettol Germ Protection Soap (100g),Personal Care,Reckitt Benckiser,42.0,240,30,Back Wall Shelf D2,2026-09-02,7,294.0
KIRANA-DAL-011,Desi Toor Dal Unpolished (1kg),Pulses & Dals,Desi Agro Traders,165.0,22,20,Shelf B3 (Pulses),2026-09-02,4,660.0
KIRANA-SUGAR-012,Madhur Pure & Hygienic Sugar (1kg),Sugar & Jaggery,Shree Renuka Sugars,52.0,115,35,Shelf A1 (Flour Rack),2026-09-02,15,780.0
KIRANA-ATTA-001,Aashirvaad Shudh Chakki Atta (5kg),Atta & Flours,ITC Limited,245.0,8,15,Shelf A1 (Flour Rack),2026-09-03,4,980.0
KIRANA-OIL-002,Fortune Sunlite Refined Sunflower Oil (1L),Edible Oils,Adani Wilmar,135.0,45,20,Shelf A2 (Oils Rack),2026-09-03,5,675.0
KIRANA-MILK-003,Amul Taaza Homogenised Toned Milk (1L),Dairy & Daily Fresh,GCMMF (Amul),56.0,110,40,Cooler Rack C1 (Dairy),2026-09-03,25,1400.0
KIRANA-SALT-004,Tata Salt Iodised (1kg),Spices & Condiments,Tata Consumer Products,28.0,135,30,Shelf B1 (Spices),2026-09-03,5,140.0
KIRANA-RICE-005,India Gate Rozzana Basmati Rice (1kg),Rice & Grains,KRBL Limited,95.0,14,25,Shelf B2 (Grains),2026-09-03,5,475.0
KIRANA-MAGGI-006,Maggi 2-Minute Masala Noodles (4-Pack),Snacks & Instant Food,Nestlé India,56.0,80,30,Front Counter Rack,2026-09-03,16,896.0
KIRANA-PARLE-007,Parle-G Gold Glucose Biscuits (250g),Bakery & Biscuits,Parle Products,30.0,160,45,Front Counter Rack,2026-09-03,29,870.0
KIRANA-CHAI-008,Tata Tea Premium Desh Ki Chai (500g),Beverages & Tea,Tata Consumer Products,210.0,16,20,Shelf A3 (Beverages),2026-09-03,4,840.0
KIRANA-SURF-009,Surf Excel Easy Wash Detergent (1kg),Household Cleaning,Hindustan Unilever,145.0,38,15,Back Wall Shelf D1,2026-09-03,2,290.0
KIRANA-DETTOL-010,Dettol Germ Protection Soap (100g),Personal Care,Reckitt Benckiser,42.0,240,30,Back Wall Shelf D2,2026-09-03,5,210.0
KIRANA-DAL-011,Desi Toor Dal Unpolished (1kg),Pulses & Dals,Desi Agro Traders,165.0,22,20,Shelf B3 (Pulses),2026-09-03,2,330.0
KIRANA-SUGAR-012,Madhur Pure & Hygienic Sugar (1kg),Sugar & Jaggery,Shree Renuka Sugars,52.0,115,35,Shelf A1 (Flour Rack),2026-09-03,14,728.0
KIRANA-ATTA-001,Aashirvaad Shudh Chakki Atta (5kg),Atta & Flours,ITC Limited,245.0,8,15,Shelf A1 (Flour Rack),2026-09-04,5,1225.0
KIRANA-OIL-002,Fortune Sunlite Refined Sunflower Oil (1L),Edible Oils,Adani Wilmar,135.0,45,20,Shelf A2 (Oils Rack),2026-09-04,8,1080.0
KIRANA-MILK-003,Amul Taaza Homogenised Toned Milk (1L),Dairy & Daily Fresh,GCMMF (Amul),56.0,110,40,Cooler Rack C1 (Dairy),2026-09-04,27,1512.0
KIRANA-SALT-004,Tata Salt Iodised (1kg),Spices & Condiments,Tata Consumer Products,28.0,135,30,Shelf B1 (Spices),2026-09-04,16,448.0
KIRANA-RICE-005,India Gate Rozzana Basmati Rice (1kg),Rice & Grains,KRBL Limited,95.0,14,25,Shelf B2 (Grains),2026-09-04,6,570.0
KIRANA-MAGGI-006,Maggi 2-Minute Masala Noodles (4-Pack),Snacks & Instant Food,Nestlé India,56.0,80,30,Front Counter Rack,2026-09-04,19,1064.0
KIRANA-PARLE-007,Parle-G Gold Glucose Biscuits (250g),Bakery & Biscuits,Parle Products,30.0,160,45,Front Counter Rack,2026-09-04,27,810.0
KIRANA-CHAI-008,Tata Tea Premium Desh Ki Chai (500g),Beverages & Tea,Tata Consumer Products,210.0,16,20,Shelf A3 (Beverages),2026-09-04,8,1680.0
KIRANA-SURF-009,Surf Excel Easy Wash Detergent (1kg),Household Cleaning,Hindustan Unilever,145.0,38,15,Back Wall Shelf D1,2026-09-04,3,435.0
KIRANA-DETTOL-010,Dettol Germ Protection Soap (100g),Personal Care,Reckitt Benckiser,42.0,240,30,Back Wall Shelf D2,2026-09-04,6,252.0
KIRANA-DAL-011,Desi Toor Dal Unpolished (1kg),Pulses & Dals,Desi Agro Traders,165.0,22,20,Shelf B3 (Pulses),2026-09-04,4,660.0
KIRANA-SUGAR-012,Madhur Pure & Hygienic Sugar (1kg),Sugar & Jaggery,Shree Renuka Sugars,52.0,115,35,Shelf A1 (Flour Rack),2026-09-04,19,988.0
KIRANA-ATTA-001,Aashirvaad Shudh Chakki Atta (5kg),Atta & Flours,ITC Limited,245.0,8,15,Shelf A1 (Flour Rack),2026-09-05,5,1225.0
KIRANA-OIL-002,Fortune Sunlite Refined Sunflower Oil (1L),Edible Oils,Adani Wilmar,135.0,45,20,Shelf A2 (Oils Rack),2026-09-05,9,1215.0
KIRANA-MILK-003,Amul Taaza Homogenised Toned Milk (1L),Dairy & Daily Fresh,GCMMF (Amul),56.0,110,40,Cooler Rack C1 (Dairy),2026-09-05,41,2296.0
KIRANA-SALT-004,Tata Salt Iodised (1kg),Spices & Condiments,Tata Consumer Products,28.0,135,30,Shelf B1 (Spices),2026-09-05,15,420.0
KIRANA-RICE-005,India Gate Rozzana Basmati Rice (1kg),Rice & Grains,KRBL Limited,95.0,14,25,Shelf B2 (Grains),2026-09-05,7,665.0
KIRANA-MAGGI-006,Maggi 2-Minute Masala Noodles (4-Pack),Snacks & Instant Food,Nestlé India,56.0,80,30,Front Counter Rack,2026-09-05,21,1176.0
KIRANA-PARLE-007,Parle-G Gold Glucose Biscuits (250g),Bakery & Biscuits,Parle Products,30.0,160,45,Front Counter Rack,2026-09-05,52,1560.0
KIRANA-CHAI-008,Tata Tea Premium Desh Ki Chai (500g),Beverages & Tea,Tata Consumer Products,210.0,16,20,Shelf A3 (Beverages),2026-09-05,5,1050.0
KIRANA-SURF-009,Surf Excel Easy Wash Detergent (1kg),Household Cleaning,Hindustan Unilever,145.0,38,15,Back Wall Shelf D1,2026-09-05,4,580.0
KIRANA-DETTOL-010,Dettol Germ Protection Soap (100g),Personal Care,Reckitt Benckiser,42.0,240,30,Back Wall Shelf D2,2026-09-05,6,252.0
KIRANA-DAL-011,Desi Toor Dal Unpolished (1kg),Pulses & Dals,Desi Agro Traders,165.0,22,20,Shelf B3 (Pulses),2026-09-05,7,1155.0
KIRANA-SUGAR-012,Madhur Pure & Hygienic Sugar (1kg),Sugar & Jaggery,Shree Renuka Sugars,52.0,115,35,Shelf A1 (Flour Rack),2026-09-05,16,832.0
KIRANA-ATTA-001,Aashirvaad Shudh Chakki Atta (5kg),Atta & Flours,ITC Limited,245.0,8,15,Shelf A1 (Flour Rack),2026-09-06,7,1715.0
KIRANA-OIL-002,Fortune Sunlite Refined Sunflower Oil (1L),Edible Oils,Adani Wilmar,135.0,45,20,Shelf A2 (Oils Rack),2026-09-06,7,945.0
KIRANA-MILK-003,Amul Taaza Homogenised Toned Milk (1L),Dairy & Daily Fresh,GCMMF (Amul),56.0,110,40,Cooler Rack C1 (Dairy),2026-09-06,46,2576.0
KIRANA-SALT-004,Tata Salt Iodised (1kg),Spices & Condiments,Tata Consumer Products,28.0,135,30,Shelf B1 (Spices),2026-09-06,13,364.0
KIRANA-RICE-005,India Gate Rozzana Basmati Rice (1kg),Rice & Grains,KRBL Limited,95.0,14,25,Shelf B2 (Grains),2026-09-06,6,570.0
KIRANA-MAGGI-006,Maggi 2-Minute Masala Noodles (4-Pack),Snacks & Instant Food,Nestlé India,56.0,80,30,Front Counter Rack,2026-09-06,24,1344.0
KIRANA-PARLE-007,Parle-G Gold Glucose Biscuits (250g),Bakery & Biscuits,Parle Products,30.0,160,45,Front Counter Rack,2026-09-06,37,1110.0
KIRANA-CHAI-008,Tata Tea Premium Desh Ki Chai (500g),Beverages & Tea,Tata Consumer Products,210.0,16,20,Shelf A3 (Beverages),2026-09-06,6,1260.0
KIRANA-SURF-009,Surf Excel Easy Wash Detergent (1kg),Household Cleaning,Hindustan Unilever,145.0,38,15,Back Wall Shelf D1,2026-09-06,3,435.0
KIRANA-DETTOL-010,Dettol Germ Protection Soap (100g),Personal Care,Reckitt Benckiser,42.0,240,30,Back Wall Shelf D2,2026-09-06,8,336.0
KIRANA-DAL-011,Desi Toor Dal Unpolished (1kg),Pulses & Dals,Desi Agro Traders,165.0,22,20,Shelf B3 (Pulses),2026-09-06,9,1485.0
KIRANA-SUGAR-012,Madhur Pure & Hygienic Sugar (1kg),Sugar & Jaggery,Shree Renuka Sugars,52.0,115,35,Shelf A1 (Flour Rack),2026-09-06,19,988.0
KIRANA-ATTA-001,Aashirvaad Shudh Chakki Atta (5kg),Atta & Flours,ITC Limited,245.0,8,15,Shelf A1 (Flour Rack),2026-09-07,6,1470.0
KIRANA-OIL-002,Fortune Sunlite Refined Sunflower Oil (1L),Edible Oils,Adani Wilmar,135.0,45,20,Shelf A2 (Oils Rack),2026-09-07,5,675.0
KIRANA-MILK-003,Amul Taaza Homogenised Toned Milk (1L),Dairy & Daily Fresh,GCMMF (Amul),56.0,110,40,Cooler Rack C1 (Dairy),2026-09-07,36,2016.0
KIRANA-SALT-004,Tata Salt Iodised (1kg),Spices & Condiments,Tata Consumer Products,28.0,135,30,Shelf B1 (Spices),2026-09-07,11,308.0
KIRANA-RICE-005,India Gate Rozzana Basmati Rice (1kg),Rice & Grains,KRBL Limited,95.0,14,25,Shelf B2 (Grains),2026-09-07,9,855.0
KIRANA-MAGGI-006,Maggi 2-Minute Masala Noodles (4-Pack),Snacks & Instant Food,Nestlé India,56.0,80,30,Front Counter Rack,2026-09-07,11,616.0
KIRANA-PARLE-007,Parle-G Gold Glucose Biscuits (250g),Bakery & Biscuits,Parle Products,30.0,160,45,Front Counter Rack,2026-09-07,26,780.0
KIRANA-CHAI-008,Tata Tea Premium Desh Ki Chai (500g),Beverages & Tea,Tata Consumer Products,210.0,16,20,Shelf A3 (Beverages),2026-09-07,5,1050.0
KIRANA-SURF-009,Surf Excel Easy Wash Detergent (1kg),Household Cleaning,Hindustan Unilever,145.0,38,15,Back Wall Shelf D1,2026-09-07,4,580.0
KIRANA-DETTOL-010,Dettol Germ Protection Soap (100g),Personal Care,Reckitt Benckiser,42.0,240,30,Back Wall Shelf D2,2026-09-07,6,252.0
KIRANA-DAL-011,Desi Toor Dal Unpolished (1kg),Pulses & Dals,Desi Agro Traders,165.0,22,20,Shelf B3 (Pulses),2026-09-07,4,660.0
KIRANA-SUGAR-012,Madhur Pure & Hygienic Sugar (1kg),Sugar & Jaggery,Shree Renuka Sugars,52.0,115,35,Shelf A1 (Flour Rack),2026-09-07,12,624.0
KIRANA-ATTA-001,Aashirvaad Shudh Chakki Atta (5kg),Atta & Flours,ITC Limited,245.0,8,15,Shelf A1 (Flour Rack),2026-09-08,6,1470.0
KIRANA-OIL-002,Fortune Sunlite Refined Sunflower Oil (1L),Edible Oils,Adani Wilmar,135.0,45,20,Shelf A2 (Oils Rack),2026-09-08,5,675.0
KIRANA-MILK-003,Amul Taaza Homogenised Toned Milk (1L),Dairy & Daily Fresh,GCMMF (Amul),56.0,110,40,Cooler Rack C1 (Dairy),2026-09-08,26,1456.0
KIRANA-SALT-004,Tata Salt Iodised (1kg),Spices & Condiments,Tata Consumer Products,28.0,135,30,Shelf B1 (Spices),2026-09-08,13,364.0
KIRANA-RICE-005,India Gate Rozzana Basmati Rice (1kg),Rice & Grains,KRBL Limited,95.0,14,25,Shelf B2 (Grains),2026-09-08,2,190.0
KIRANA-MAGGI-006,Maggi 2-Minute Masala Noodles (4-Pack),Snacks & Instant Food,Nestlé India,56.0,80,30,Front Counter Rack,2026-09-08,14,784.0
KIRANA-PARLE-007,Parle-G Gold Glucose Biscuits (250g),Bakery & Biscuits,Parle Products,30.0,160,45,Front Counter Rack,2026-09-08,21,630.0
KIRANA-CHAI-008,Tata Tea Premium Desh Ki Chai (500g),Beverages & Tea,Tata Consumer Products,210.0,16,20,Shelf A3 (Beverages),2026-09-08,4,840.0
KIRANA-SURF-009,Surf Excel Easy Wash Detergent (1kg),Household Cleaning,Hindustan Unilever,145.0,38,15,Back Wall Shelf D1,2026-09-08,2,290.0
KIRANA-DETTOL-010,Dettol Germ Protection Soap (100g),Personal Care,Reckitt Benckiser,42.0,240,30,Back Wall Shelf D2,2026-09-08,4,168.0
KIRANA-DAL-011,Desi Toor Dal Unpolished (1kg),Pulses & Dals,Desi Agro Traders,165.0,22,20,Shelf B3 (Pulses),2026-09-08,5,825.0
KIRANA-SUGAR-012,Madhur Pure & Hygienic Sugar (1kg),Sugar & Jaggery,Shree Renuka Sugars,52.0,115,35,Shelf A1 (Flour Rack),2026-09-08,12,624.0
KIRANA-ATTA-001,Aashirvaad Shudh Chakki Atta (5kg),Atta & Flours,ITC Limited,245.0,8,15,Shelf A1 (Flour Rack),2026-09-09,5,1225.0
KIRANA-OIL-002,Fortune Sunlite Refined Sunflower Oil (1L),Edible Oils,Adani Wilmar,135.0,45,20,Shelf A2 (Oils Rack),2026-09-09,5,675.0
KIRANA-MILK-003,Amul Taaza Homogenised Toned Milk (1L),Dairy & Daily Fresh,GCMMF (Amul),56.0,110,40,Cooler Rack C1 (Dairy),2026-09-09,21,1176.0
KIRANA-SALT-004,Tata Salt Iodised (1kg),Spices & Condiments,Tata Consumer Products,28.0,135,30,Shelf B1 (Spices),2026-09-09,11,308.0
KIRANA-RICE-005,India Gate Rozzana Basmati Rice (1kg),Rice & Grains,KRBL Limited,95.0,14,25,Shelf B2 (Grains),2026-09-09,5,475.0
KIRANA-MAGGI-006,Maggi 2-Minute Masala Noodles (4-Pack),Snacks & Instant Food,Nestlé India,56.0,80,30,Front Counter Rack,2026-09-09,13,728.0
KIRANA-PARLE-007,Parle-G Gold Glucose Biscuits (250g),Bakery & Biscuits,Parle Products,30.0,160,45,Front Counter Rack,2026-09-09,16,480.0
KIRANA-CHAI-008,Tata Tea Premium Desh Ki Chai (500g),Beverages & Tea,Tata Consumer Products,210.0,16,20,Shelf A3 (Beverages),2026-09-09,4,840.0
KIRANA-SURF-009,Surf Excel Easy Wash Detergent (1kg),Household Cleaning,Hindustan Unilever,145.0,38,15,Back Wall Shelf D1,2026-09-09,4,580.0
KIRANA-DETTOL-010,Dettol Germ Protection Soap (100g),Personal Care,Reckitt Benckiser,42.0,240,30,Back Wall Shelf D2,2026-09-09,3,126.0
KIRANA-DAL-011,Desi Toor Dal Unpolished (1kg),Pulses & Dals,Desi Agro Traders,165.0,22,20,Shelf B3 (Pulses),2026-09-09,2,330.0
KIRANA-SUGAR-012,Madhur Pure & Hygienic Sugar (1kg),Sugar & Jaggery,Shree Renuka Sugars,52.0,115,35,Shelf A1 (Flour Rack),2026-09-09,18,936.0
KIRANA-ATTA-001,Aashirvaad Shudh Chakki Atta (5kg),Atta & Flours,ITC Limited,245.0,8,15,Shelf A1 (Flour Rack),2026-09-10,5,1225.0
KIRANA-OIL-002,Fortune Sunlite Refined Sunflower Oil (1L),Edible Oils,Adani Wilmar,135.0,45,20,Shelf A2 (Oils Rack),2026-09-10,5,675.0
KIRANA-MILK-003,Amul Taaza Homogenised Toned Milk (1L),Dairy & Daily Fresh,GCMMF (Amul),56.0,110,40,Cooler Rack C1 (Dairy),2026-09-10,34,1904.0
KIRANA-SALT-004,Tata Salt Iodised (1kg),Spices & Condiments,Tata Consumer Products,28.0,135,30,Shelf B1 (Spices),2026-09-10,10,280.0
KIRANA-RICE-005,India Gate Rozzana Basmati Rice (1kg),Rice & Grains,KRBL Limited,95.0,14,25,Shelf B2 (Grains),2026-09-10,4,380.0
KIRANA-MAGGI-006,Maggi 2-Minute Masala Noodles (4-Pack),Snacks & Instant Food,Nestlé India,56.0,80,30,Front Counter Rack,2026-09-10,18,1008.0
KIRANA-PARLE-007,Parle-G Gold Glucose Biscuits (250g),Bakery & Biscuits,Parle Products,30.0,160,45,Front Counter Rack,2026-09-10,27,810.0
KIRANA-CHAI-008,Tata Tea Premium Desh Ki Chai (500g),Beverages & Tea,Tata Consumer Products,210.0,16,20,Shelf A3 (Beverages),2026-09-10,4,840.0
KIRANA-SURF-009,Surf Excel Easy Wash Detergent (1kg),Household Cleaning,Hindustan Unilever,145.0,38,15,Back Wall Shelf D1,2026-09-10,2,290.0
KIRANA-DETTOL-010,Dettol Germ Protection Soap (100g),Personal Care,Reckitt Benckiser,42.0,240,30,Back Wall Shelf D2,2026-09-10,5,210.0
KIRANA-DAL-011,Desi Toor Dal Unpolished (1kg),Pulses & Dals,Desi Agro Traders,165.0,22,20,Shelf B3 (Pulses),2026-09-10,3,495.0
KIRANA-SUGAR-012,Madhur Pure & Hygienic Sugar (1kg),Sugar & Jaggery,Shree Renuka Sugars,52.0,115,35,Shelf A1 (Flour Rack),2026-09-10,10,520.0
KIRANA-ATTA-001,Aashirvaad Shudh Chakki Atta (5kg),Atta & Flours,ITC Limited,245.0,8,15,Shelf A1 (Flour Rack),2026-09-11,7,1715.0
KIRANA-OIL-002,Fortune Sunlite Refined Sunflower Oil (1L),Edible Oils,Adani Wilmar,135.0,45,20,Shelf A2 (Oils Rack),2026-09-11,8,1080.0
KIRANA-MILK-003,Amul Taaza Homogenised Toned Milk (1L),Dairy & Daily Fresh,GCMMF (Amul),56.0,110,40,Cooler Rack C1 (Dairy),2026-09-11,31,1736.0
KIRANA-SALT-004,Tata Salt Iodised (1kg),Spices & Condiments,Tata Consumer Products,28.0,135,30,Shelf B1 (Spices),2026-09-11,18,504.0
KIRANA-RICE-005,India Gate Rozzana Basmati Rice (1kg),Rice & Grains,KRBL Limited,95.0,14,25,Shelf B2 (Grains),2026-09-11,6,570.0
KIRANA-MAGGI-006,Maggi 2-Minute Masala Noodles (4-Pack),Snacks & Instant Food,Nestlé India,56.0,80,30,Front Counter Rack,2026-09-11,20,1120.0
KIRANA-PARLE-007,Parle-G Gold Glucose Biscuits (250g),Bakery & Biscuits,Parle Products,30.0,160,45,Front Counter Rack,2026-09-11,39,1170.0
KIRANA-CHAI-008,Tata Tea Premium Desh Ki Chai (500g),Beverages & Tea,Tata Consumer Products,210.0,16,20,Shelf A3 (Beverages),2026-09-11,3,630.0
KIRANA-SURF-009,Surf Excel Easy Wash Detergent (1kg),Household Cleaning,Hindustan Unilever,145.0,38,15,Back Wall Shelf D1,2026-09-11,3,435.0
KIRANA-DETTOL-010,Dettol Germ Protection Soap (100g),Personal Care,Reckitt Benckiser,42.0,240,30,Back Wall Shelf D2,2026-09-11,8,336.0
KIRANA-DAL-011,Desi Toor Dal Unpolished (1kg),Pulses & Dals,Desi Agro Traders,165.0,22,20,Shelf B3 (Pulses),2026-09-11,6,990.0
KIRANA-SUGAR-012,Madhur Pure & Hygienic Sugar (1kg),Sugar & Jaggery,Shree Renuka Sugars,52.0,115,35,Shelf A1 (Flour Rack),2026-09-11,21,1092.0
KIRANA-ATTA-001,Aashirvaad Shudh Chakki Atta (5kg),Atta & Flours,ITC Limited,245.0,8,15,Shelf A1 (Flour Rack),2026-09-12,5,1225.0
KIRANA-OIL-002,Fortune Sunlite Refined Sunflower Oil (1L),Edible Oils,Adani Wilmar,135.0,45,20,Shelf A2 (Oils Rack),2026-09-12,6,810.0
KIRANA-MILK-003,Amul Taaza Homogenised Toned Milk (1L),Dairy & Daily Fresh,GCMMF (Amul),56.0,110,40,Cooler Rack C1 (Dairy),2026-09-12,41,2296.0
KIRANA-SALT-004,Tata Salt Iodised (1kg),Spices & Condiments,Tata Consumer Products,28.0,135,30,Shelf B1 (Spices),2026-09-12,14,392.0
KIRANA-RICE-005,India Gate Rozzana Basmati Rice (1kg),Rice & Grains,KRBL Limited,95.0,14,25,Shelf B2 (Grains),2026-09-12,6,570.0
KIRANA-MAGGI-006,Maggi 2-Minute Masala Noodles (4-Pack),Snacks & Instant Food,Nestlé India,56.0,80,30,Front Counter Rack,2026-09-12,30,1680.0
KIRANA-PARLE-007,Parle-G Gold Glucose Biscuits (250g),Bakery & Biscuits,Parle Products,30.0,160,45,Front Counter Rack,2026-09-12,25,750.0
KIRANA-CHAI-008,Tata Tea Premium Desh Ki Chai (500g),Beverages & Tea,Tata Consumer Products,210.0,16,20,Shelf A3 (Beverages),2026-09-12,3,630.0
KIRANA-SURF-009,Surf Excel Easy Wash Detergent (1kg),Household Cleaning,Hindustan Unilever,145.0,38,15,Back Wall Shelf D1,2026-09-12,4,580.0
KIRANA-DETTOL-010,Dettol Germ Protection Soap (100g),Personal Care,Reckitt Benckiser,42.0,240,30,Back Wall Shelf D2,2026-09-12,8,336.0
KIRANA-DAL-011,Desi Toor Dal Unpolished (1kg),Pulses & Dals,Desi Agro Traders,165.0,22,20,Shelf B3 (Pulses),2026-09-12,4,660.0
KIRANA-SUGAR-012,Madhur Pure & Hygienic Sugar (1kg),Sugar & Jaggery,Shree Renuka Sugars,52.0,115,35,Shelf A1 (Flour Rack),2026-09-12,20,1040.0
KIRANA-ATTA-001,Aashirvaad Shudh Chakki Atta (5kg),Atta & Flours,ITC Limited,245.0,8,15,Shelf A1 (Flour Rack),2026-09-13,11,2695.0
KIRANA-OIL-002,Fortune Sunlite Refined Sunflower Oil (1L),Edible Oils,Adani Wilmar,135.0,45,20,Shelf A2 (Oils Rack),2026-09-13,7,945.0
KIRANA-MILK-003,Amul Taaza Homogenised Toned Milk (1L),Dairy & Daily Fresh,GCMMF (Amul),56.0,110,40,Cooler Rack C1 (Dairy),2026-09-13,30,1680.0
KIRANA-SALT-004,Tata Salt Iodised (1kg),Spices & Condiments,Tata Consumer Products,28.0,135,30,Shelf B1 (Spices),2026-09-13,15,420.0
KIRANA-RICE-005,India Gate Rozzana Basmati Rice (1kg),Rice & Grains,KRBL Limited,95.0,14,25,Shelf B2 (Grains),2026-09-13,8,760.0
KIRANA-MAGGI-006,Maggi 2-Minute Masala Noodles (4-Pack),Snacks & Instant Food,Nestlé India,56.0,80,30,Front Counter Rack,2026-09-13,23,1288.0
KIRANA-PARLE-007,Parle-G Gold Glucose Biscuits (250g),Bakery & Biscuits,Parle Products,30.0,160,45,Front Counter Rack,2026-09-13,34,1020.0
KIRANA-CHAI-008,Tata Tea Premium Desh Ki Chai (500g),Beverages & Tea,Tata Consumer Products,210.0,16,20,Shelf A3 (Beverages),2026-09-13,5,1050.0
KIRANA-SURF-009,Surf Excel Easy Wash Detergent (1kg),Household Cleaning,Hindustan Unilever,145.0,38,15,Back Wall Shelf D1,2026-09-13,4,580.0
KIRANA-DETTOL-010,Dettol Germ Protection Soap (100g),Personal Care,Reckitt Benckiser,42.0,240,30,Back Wall Shelf D2,2026-09-13,8,336.0
KIRANA-DAL-011,Desi Toor Dal Unpolished (1kg),Pulses & Dals,Desi Agro Traders,165.0,22,20,Shelf B3 (Pulses),2026-09-13,5,825.0
KIRANA-SUGAR-012,Madhur Pure & Hygienic Sugar (1kg),Sugar & Jaggery,Shree Renuka Sugars,52.0,115,35,Shelf A1 (Flour Rack),2026-09-13,17,884.0
KIRANA-ATTA-001,Aashirvaad Shudh Chakki Atta (5kg),Atta & Flours,ITC Limited,245.0,8,15,Shelf A1 (Flour Rack),2026-09-14,3,735.0
KIRANA-OIL-002,Fortune Sunlite Refined Sunflower Oil (1L),Edible Oils,Adani Wilmar,135.0,45,20,Shelf A2 (Oils Rack),2026-09-14,5,675.0
KIRANA-MILK-003,Amul Taaza Homogenised Toned Milk (1L),Dairy & Daily Fresh,GCMMF (Amul),56.0,110,40,Cooler Rack C1 (Dairy),2026-09-14,30,1680.0
KIRANA-SALT-004,Tata Salt Iodised (1kg),Spices & Condiments,Tata Consumer Products,28.0,135,30,Shelf B1 (Spices),2026-09-14,10,280.0
KIRANA-RICE-005,India Gate Rozzana Basmati Rice (1kg),Rice & Grains,KRBL Limited,95.0,14,25,Shelf B2 (Grains),2026-09-14,5,475.0
KIRANA-MAGGI-006,Maggi 2-Minute Masala Noodles (4-Pack),Snacks & Instant Food,Nestlé India,56.0,80,30,Front Counter Rack,2026-09-14,18,1008.0
KIRANA-PARLE-007,Parle-G Gold Glucose Biscuits (250g),Bakery & Biscuits,Parle Products,30.0,160,45,Front Counter Rack,2026-09-14,20,600.0
KIRANA-CHAI-008,Tata Tea Premium Desh Ki Chai (500g),Beverages & Tea,Tata Consumer Products,210.0,16,20,Shelf A3 (Beverages),2026-09-14,6,1260.0
KIRANA-SURF-009,Surf Excel Easy Wash Detergent (1kg),Household Cleaning,Hindustan Unilever,145.0,38,15,Back Wall Shelf D1,2026-09-14,2,290.0
KIRANA-DETTOL-010,Dettol Germ Protection Soap (100g),Personal Care,Reckitt Benckiser,42.0,240,30,Back Wall Shelf D2,2026-09-14,5,210.0
KIRANA-DAL-011,Desi Toor Dal Unpolished (1kg),Pulses & Dals,Desi Agro Traders,165.0,22,20,Shelf B3 (Pulses),2026-09-14,6,990.0
KIRANA-SUGAR-012,Madhur Pure & Hygienic Sugar (1kg),Sugar & Jaggery,Shree Renuka Sugars,52.0,115,35,Shelf A1 (Flour Rack),2026-09-14,11,572.0
KIRANA-ATTA-001,Aashirvaad Shudh Chakki Atta (5kg),Atta & Flours,ITC Limited,245.0,8,15,Shelf A1 (Flour Rack),2026-09-15,4,980.0
KIRANA-OIL-002,Fortune Sunlite Refined Sunflower Oil (1L),Edible Oils,Adani Wilmar,135.0,45,20,Shelf A2 (Oils Rack),2026-09-15,4,540.0
KIRANA-MILK-003,Amul Taaza Homogenised Toned Milk (1L),Dairy & Daily Fresh,GCMMF (Amul),56.0,110,40,Cooler Rack C1 (Dairy),2026-09-15,21,1176.0
KIRANA-SALT-004,Tata Salt Iodised (1kg),Spices & Condiments,Tata Consumer Products,28.0,135,30,Shelf B1 (Spices),2026-09-15,9,252.0
KIRANA-RICE-005,India Gate Rozzana Basmati Rice (1kg),Rice & Grains,KRBL Limited,95.0,14,25,Shelf B2 (Grains),2026-09-15,5,475.0
KIRANA-MAGGI-006,Maggi 2-Minute Masala Noodles (4-Pack),Snacks & Instant Food,Nestlé India,56.0,80,30,Front Counter Rack,2026-09-15,11,616.0
KIRANA-PARLE-007,Parle-G Gold Glucose Biscuits (250g),Bakery & Biscuits,Parle Products,30.0,160,45,Front Counter Rack,2026-09-15,22,660.0
KIRANA-CHAI-008,Tata Tea Premium Desh Ki Chai (500g),Beverages & Tea,Tata Consumer Products,210.0,16,20,Shelf A3 (Beverages),2026-09-15,5,1050.0
KIRANA-SURF-009,Surf Excel Easy Wash Detergent (1kg),Household Cleaning,Hindustan Unilever,145.0,38,15,Back Wall Shelf D1,2026-09-15,4,580.0
KIRANA-DETTOL-010,Dettol Germ Protection Soap (100g),Personal Care,Reckitt Benckiser,42.0,240,30,Back Wall Shelf D2,2026-09-15,6,252.0
KIRANA-DAL-011,Desi Toor Dal Unpolished (1kg),Pulses & Dals,Desi Agro Traders,165.0,22,20,Shelf B3 (Pulses),2026-09-15,5,825.0
KIRANA-SUGAR-012,Madhur Pure & Hygienic Sugar (1kg),Sugar & Jaggery,Shree Renuka Sugars,52.0,115,35,Shelf A1 (Flour Rack),2026-09-15,16,832.0
KIRANA-ATTA-001,Aashirvaad Shudh Chakki Atta (5kg),Atta & Flours,ITC Limited,245.0,8,15,Shelf A1 (Flour Rack),2026-09-16,6,1470.0
KIRANA-OIL-002,Fortune Sunlite Refined Sunflower Oil (1L),Edible Oils,Adani Wilmar,135.0,45,20,Shelf A2 (Oils Rack),2026-09-16,4,540.0
KIRANA-MILK-003,Amul Taaza Homogenised Toned Milk (1L),Dairy & Daily Fresh,GCMMF (Amul),56.0,110,40,Cooler Rack C1 (Dairy),2026-09-16,17,952.0
KIRANA-SALT-004,Tata Salt Iodised (1kg),Spices & Condiments,Tata Consumer Products,28.0,135,30,Shelf B1 (Spices),2026-09-16,12,336.0
KIRANA-RICE-005,India Gate Rozzana Basmati Rice (1kg),Rice & Grains,KRBL Limited,95.0,14,25,Shelf B2 (Grains),2026-09-16,6,570.0
KIRANA-MAGGI-006,Maggi 2-Minute Masala Noodles (4-Pack),Snacks & Instant Food,Nestlé India,56.0,80,30,Front Counter Rack,2026-09-16,20,1120.0
KIRANA-PARLE-007,Parle-G Gold Glucose Biscuits (250g),Bakery & Biscuits,Parle Products,30.0,160,45,Front Counter Rack,2026-09-16,28,840.0
KIRANA-CHAI-008,Tata Tea Premium Desh Ki Chai (500g),Beverages & Tea,Tata Consumer Products,210.0,16,20,Shelf A3 (Beverages),2026-09-16,2,420.0
KIRANA-SURF-009,Surf Excel Easy Wash Detergent (1kg),Household Cleaning,Hindustan Unilever,145.0,38,15,Back Wall Shelf D1,2026-09-16,3,435.0
KIRANA-DETTOL-010,Dettol Germ Protection Soap (100g),Personal Care,Reckitt Benckiser,42.0,240,30,Back Wall Shelf D2,2026-09-16,4,168.0
KIRANA-DAL-011,Desi Toor Dal Unpolished (1kg),Pulses & Dals,Desi Agro Traders,165.0,22,20,Shelf B3 (Pulses),2026-09-16,6,990.0
KIRANA-SUGAR-012,Madhur Pure & Hygienic Sugar (1kg),Sugar & Jaggery,Shree Renuka Sugars,52.0,115,35,Shelf A1 (Flour Rack),2026-09-16,13,676.0
KIRANA-ATTA-001,Aashirvaad Shudh Chakki Atta (5kg),Atta & Flours,ITC Limited,245.0,8,15,Shelf A1 (Flour Rack),2026-09-17,2,490.0
KIRANA-OIL-002,Fortune Sunlite Refined Sunflower Oil (1L),Edible Oils,Adani Wilmar,135.0,45,20,Shelf A2 (Oils Rack),2026-09-17,4,540.0
KIRANA-MILK-003,Amul Taaza Homogenised Toned Milk (1L),Dairy & Daily Fresh,GCMMF (Amul),56.0,110,40,Cooler Rack C1 (Dairy),2026-09-17,28,1568.0
KIRANA-SALT-004,Tata Salt Iodised (1kg),Spices & Condiments,Tata Consumer Products,28.0,135,30,Shelf B1 (Spices),2026-09-17,12,336.0
KIRANA-RICE-005,India Gate Rozzana Basmati Rice (1kg),Rice & Grains,KRBL Limited,95.0,14,25,Shelf B2 (Grains),2026-09-17,5,475.0
KIRANA-MAGGI-006,Maggi 2-Minute Masala Noodles (4-Pack),Snacks & Instant Food,Nestlé India,56.0,80,30,Front Counter Rack,2026-09-17,13,728.0
KIRANA-PARLE-007,Parle-G Gold Glucose Biscuits (250g),Bakery & Biscuits,Parle Products,30.0,160,45,Front Counter Rack,2026-09-17,27,810.0
KIRANA-CHAI-008,Tata Tea Premium Desh Ki Chai (500g),Beverages & Tea,Tata Consumer Products,210.0,16,20,Shelf A3 (Beverages),2026-09-17,3,630.0
KIRANA-SURF-009,Surf Excel Easy Wash Detergent (1kg),Household Cleaning,Hindustan Unilever,145.0,38,15,Back Wall Shelf D1,2026-09-17,4,580.0
KIRANA-DETTOL-010,Dettol Germ Protection Soap (100g),Personal Care,Reckitt Benckiser,42.0,240,30,Back Wall Shelf D2,2026-09-17,5,210.0
KIRANA-DAL-011,Desi Toor Dal Unpolished (1kg),Pulses & Dals,Desi Agro Traders,165.0,22,20,Shelf B3 (Pulses),2026-09-17,4,660.0
KIRANA-SUGAR-012,Madhur Pure & Hygienic Sugar (1kg),Sugar & Jaggery,Shree Renuka Sugars,52.0,115,35,Shelf A1 (Flour Rack),2026-09-17,13,676.0
KIRANA-ATTA-001,Aashirvaad Shudh Chakki Atta (5kg),Atta & Flours,ITC Limited,245.0,8,15,Shelf A1 (Flour Rack),2026-09-18,5,1225.0
KIRANA-OIL-002,Fortune Sunlite Refined Sunflower Oil (1L),Edible Oils,Adani Wilmar,135.0,45,20,Shelf A2 (Oils Rack),2026-09-18,5,675.0
KIRANA-MILK-003,Amul Taaza Homogenised Toned Milk (1L),Dairy & Daily Fresh,GCMMF (Amul),56.0,110,40,Cooler Rack C1 (Dairy),2026-09-18,41,2296.0
KIRANA-SALT-004,Tata Salt Iodised (1kg),Spices & Condiments,Tata Consumer Products,28.0,135,30,Shelf B1 (Spices),2026-09-18,18,504.0
KIRANA-RICE-005,India Gate Rozzana Basmati Rice (1kg),Rice & Grains,KRBL Limited,95.0,14,25,Shelf B2 (Grains),2026-09-18,4,380.0
KIRANA-MAGGI-006,Maggi 2-Minute Masala Noodles (4-Pack),Snacks & Instant Food,Nestlé India,56.0,80,30,Front Counter Rack,2026-09-18,40,2240.0
KIRANA-PARLE-007,Parle-G Gold Glucose Biscuits (250g),Bakery & Biscuits,Parle Products,30.0,160,45,Front Counter Rack,2026-09-18,21,630.0
KIRANA-CHAI-008,Tata Tea Premium Desh Ki Chai (500g),Beverages & Tea,Tata Consumer Products,210.0,16,20,Shelf A3 (Beverages),2026-09-18,6,1260.0
KIRANA-SURF-009,Surf Excel Easy Wash Detergent (1kg),Household Cleaning,Hindustan Unilever,145.0,38,15,Back Wall Shelf D1,2026-09-18,4,580.0
KIRANA-DETTOL-010,Dettol Germ Protection Soap (100g),Personal Care,Reckitt Benckiser,42.0,240,30,Back Wall Shelf D2,2026-09-18,6,252.0
KIRANA-DAL-011,Desi Toor Dal Unpolished (1kg),Pulses & Dals,Desi Agro Traders,165.0,22,20,Shelf B3 (Pulses),2026-09-18,5,825.0
KIRANA-SUGAR-012,Madhur Pure & Hygienic Sugar (1kg),Sugar & Jaggery,Shree Renuka Sugars,52.0,115,35,Shelf A1 (Flour Rack),2026-09-18,19,988.0
KIRANA-ATTA-001,Aashirvaad Shudh Chakki Atta (5kg),Atta & Flours,ITC Limited,245.0,8,15,Shelf A1 (Flour Rack),2026-09-19,4,980.0
KIRANA-OIL-002,Fortune Sunlite Refined Sunflower Oil (1L),Edible Oils,Adani Wilmar,135.0,45,20,Shelf A2 (Oils Rack),2026-09-19,8,1080.0
KIRANA-MILK-003,Amul Taaza Homogenised Toned Milk (1L),Dairy & Daily Fresh,GCMMF (Amul),56.0,110,40,Cooler Rack C1 (Dairy),2026-09-19,47,2632.0
KIRANA-SALT-004,Tata Salt Iodised (1kg),Spices & Condiments,Tata Consumer Products,28.0,135,30,Shelf B1 (Spices),2026-09-19,16,448.0
KIRANA-RICE-005,India Gate Rozzana Basmati Rice (1kg),Rice & Grains,KRBL Limited,95.0,14,25,Shelf B2 (Grains),2026-09-19,6,570.0
KIRANA-MAGGI-006,Maggi 2-Minute Masala Noodles (4-Pack),Snacks & Instant Food,Nestlé India,56.0,80,30,Front Counter Rack,2026-09-19,19,1064.0
KIRANA-PARLE-007,Parle-G Gold Glucose Biscuits (250g),Bakery & Biscuits,Parle Products,30.0,160,45,Front Counter Rack,2026-09-19,34,1020.0
KIRANA-CHAI-008,Tata Tea Premium Desh Ki Chai (500g),Beverages & Tea,Tata Consumer Products,210.0,16,20,Shelf A3 (Beverages),2026-09-19,7,1470.0
KIRANA-SURF-009,Surf Excel Easy Wash Detergent (1kg),Household Cleaning,Hindustan Unilever,145.0,38,15,Back Wall Shelf D1,2026-09-19,4,580.0
KIRANA-DETTOL-010,Dettol Germ Protection Soap (100g),Personal Care,Reckitt Benckiser,42.0,240,30,Back Wall Shelf D2,2026-09-19,8,336.0
KIRANA-DAL-011,Desi Toor Dal Unpolished (1kg),Pulses & Dals,Desi Agro Traders,165.0,22,20,Shelf B3 (Pulses),2026-09-19,6,990.0
KIRANA-SUGAR-012,Madhur Pure & Hygienic Sugar (1kg),Sugar & Jaggery,Shree Renuka Sugars,52.0,115,35,Shelf A1 (Flour Rack),2026-09-19,20,1040.0
KIRANA-ATTA-001,Aashirvaad Shudh Chakki Atta (5kg),Atta & Flours,ITC Limited,245.0,8,15,Shelf A1 (Flour Rack),2026-09-20,6,1470.0
KIRANA-OIL-002,Fortune Sunlite Refined Sunflower Oil (1L),Edible Oils,Adani Wilmar,135.0,45,20,Shelf A2 (Oils Rack),2026-09-20,8,1080.0
KIRANA-MILK-003,Amul Taaza Homogenised Toned Milk (1L),Dairy & Daily Fresh,GCMMF (Amul),56.0,110,40,Cooler Rack C1 (Dairy),2026-09-20,36,2016.0
KIRANA-SALT-004,Tata Salt Iodised (1kg),Spices & Condiments,Tata Consumer Products,28.0,135,30,Shelf B1 (Spices),2026-09-20,17,476.0
KIRANA-RICE-005,India Gate Rozzana Basmati Rice (1kg),Rice & Grains,KRBL Limited,95.0,14,25,Shelf B2 (Grains),2026-09-20,5,475.0
KIRANA-MAGGI-006,Maggi 2-Minute Masala Noodles (4-Pack),Snacks & Instant Food,Nestlé India,56.0,80,30,Front Counter Rack,2026-09-20,19,1064.0
KIRANA-PARLE-007,Parle-G Gold Glucose Biscuits (250g),Bakery & Biscuits,Parle Products,30.0,160,45,Front Counter Rack,2026-09-20,30,900.0
KIRANA-CHAI-008,Tata Tea Premium Desh Ki Chai (500g),Beverages & Tea,Tata Consumer Products,210.0,16,20,Shelf A3 (Beverages),2026-09-20,5,1050.0
KIRANA-SURF-009,Surf Excel Easy Wash Detergent (1kg),Household Cleaning,Hindustan Unilever,145.0,38,15,Back Wall Shelf D1,2026-09-20,6,870.0
KIRANA-DETTOL-010,Dettol Germ Protection Soap (100g),Personal Care,Reckitt Benckiser,42.0,240,30,Back Wall Shelf D2,2026-09-20,8,336.0
KIRANA-DAL-011,Desi Toor Dal Unpolished (1kg),Pulses & Dals,Desi Agro Traders,165.0,22,20,Shelf B3 (Pulses),2026-09-20,3,495.0
KIRANA-SUGAR-012,Madhur Pure & Hygienic Sugar (1kg),Sugar & Jaggery,Shree Renuka Sugars,52.0,115,35,Shelf A1 (Flour Rack),2026-09-20,20,1040.0
KIRANA-ATTA-001,Aashirvaad Shudh Chakki Atta (5kg),Atta & Flours,ITC Limited,245.0,8,15,Shelf A1 (Flour Rack),2026-09-21,3,735.0
KIRANA-OIL-002,Fortune Sunlite Refined Sunflower Oil (1L),Edible Oils,Adani Wilmar,135.0,45,20,Shelf A2 (Oils Rack),2026-09-21,7,945.0
KIRANA-MILK-003,Amul Taaza Homogenised Toned Milk (1L),Dairy & Daily Fresh,GCMMF (Amul),56.0,110,40,Cooler Rack C1 (Dairy),2026-09-21,30,1680.0
KIRANA-SALT-004,Tata Salt Iodised (1kg),Spices & Condiments,Tata Consumer Products,28.0,135,30,Shelf B1 (Spices),2026-09-21,12,336.0
KIRANA-RICE-005,India Gate Rozzana Basmati Rice (1kg),Rice & Grains,KRBL Limited,95.0,14,25,Shelf B2 (Grains),2026-09-21,4,380.0
KIRANA-MAGGI-006,Maggi 2-Minute Masala Noodles (4-Pack),Snacks & Instant Food,Nestlé India,56.0,80,30,Front Counter Rack,2026-09-21,19,1064.0
KIRANA-PARLE-007,Parle-G Gold Glucose Biscuits (250g),Bakery & Biscuits,Parle Products,30.0,160,45,Front Counter Rack,2026-09-21,29,870.0
KIRANA-CHAI-008,Tata Tea Premium Desh Ki Chai (500g),Beverages & Tea,Tata Consumer Products,210.0,16,20,Shelf A3 (Beverages),2026-09-21,3,630.0
KIRANA-SURF-009,Surf Excel Easy Wash Detergent (1kg),Household Cleaning,Hindustan Unilever,145.0,38,15,Back Wall Shelf D1,2026-09-21,4,580.0
KIRANA-DETTOL-010,Dettol Germ Protection Soap (100g),Personal Care,Reckitt Benckiser,42.0,240,30,Back Wall Shelf D2,2026-09-21,7,294.0
KIRANA-DAL-011,Desi Toor Dal Unpolished (1kg),Pulses & Dals,Desi Agro Traders,165.0,22,20,Shelf B3 (Pulses),2026-09-21,4,660.0
KIRANA-SUGAR-012,Madhur Pure & Hygienic Sugar (1kg),Sugar & Jaggery,Shree Renuka Sugars,52.0,115,35,Shelf A1 (Flour Rack),2026-09-21,9,468.0
KIRANA-ATTA-001,Aashirvaad Shudh Chakki Atta (5kg),Atta & Flours,ITC Limited,245.0,8,15,Shelf A1 (Flour Rack),2026-09-22,4,980.0
KIRANA-OIL-002,Fortune Sunlite Refined Sunflower Oil (1L),Edible Oils,Adani Wilmar,135.0,45,20,Shelf A2 (Oils Rack),2026-09-22,7,945.0
KIRANA-MILK-003,Amul Taaza Homogenised Toned Milk (1L),Dairy & Daily Fresh,GCMMF (Amul),56.0,110,40,Cooler Rack C1 (Dairy),2026-09-22,32,1792.0
KIRANA-SALT-004,Tata Salt Iodised (1kg),Spices & Condiments,Tata Consumer Products,28.0,135,30,Shelf B1 (Spices),2026-09-22,13,364.0
KIRANA-RICE-005,India Gate Rozzana Basmati Rice (1kg),Rice & Grains,KRBL Limited,95.0,14,25,Shelf B2 (Grains),2026-09-22,6,570.0
KIRANA-MAGGI-006,Maggi 2-Minute Masala Noodles (4-Pack),Snacks & Instant Food,Nestlé India,56.0,80,30,Front Counter Rack,2026-09-22,20,1120.0
KIRANA-PARLE-007,Parle-G Gold Glucose Biscuits (250g),Bakery & Biscuits,Parle Products,30.0,160,45,Front Counter Rack,2026-09-22,25,750.0
KIRANA-CHAI-008,Tata Tea Premium Desh Ki Chai (500g),Beverages & Tea,Tata Consumer Products,210.0,16,20,Shelf A3 (Beverages),2026-09-22,4,840.0
KIRANA-SURF-009,Surf Excel Easy Wash Detergent (1kg),Household Cleaning,Hindustan Unilever,145.0,38,15,Back Wall Shelf D1,2026-09-22,2,290.0
KIRANA-DETTOL-010,Dettol Germ Protection Soap (100g),Personal Care,Reckitt Benckiser,42.0,240,30,Back Wall Shelf D2,2026-09-22,5,210.0
KIRANA-DAL-011,Desi Toor Dal Unpolished (1kg),Pulses & Dals,Desi Agro Traders,165.0,22,20,Shelf B3 (Pulses),2026-09-22,4,660.0
KIRANA-SUGAR-012,Madhur Pure & Hygienic Sugar (1kg),Sugar & Jaggery,Shree Renuka Sugars,52.0,115,35,Shelf A1 (Flour Rack),2026-09-22,15,780.0
KIRANA-ATTA-001,Aashirvaad Shudh Chakki Atta (5kg),Atta & Flours,ITC Limited,245.0,8,15,Shelf A1 (Flour Rack),2026-09-23,5,1225.0
KIRANA-OIL-002,Fortune Sunlite Refined Sunflower Oil (1L),Edible Oils,Adani Wilmar,135.0,45,20,Shelf A2 (Oils Rack),2026-09-23,4,540.0
KIRANA-MILK-003,Amul Taaza Homogenised Toned Milk (1L),Dairy & Daily Fresh,GCMMF (Amul),56.0,110,40,Cooler Rack C1 (Dairy),2026-09-23,23,1288.0
KIRANA-SALT-004,Tata Salt Iodised (1kg),Spices & Condiments,Tata Consumer Products,28.0,135,30,Shelf B1 (Spices),2026-09-23,14,392.0
KIRANA-RICE-005,India Gate Rozzana Basmati Rice (1kg),Rice & Grains,KRBL Limited,95.0,14,25,Shelf B2 (Grains),2026-09-23,5,475.0
KIRANA-MAGGI-006,Maggi 2-Minute Masala Noodles (4-Pack),Snacks & Instant Food,Nestlé India,56.0,80,30,Front Counter Rack,2026-09-23,16,896.0
KIRANA-PARLE-007,Parle-G Gold Glucose Biscuits (250g),Bakery & Biscuits,Parle Products,30.0,160,45,Front Counter Rack,2026-09-23,24,720.0
KIRANA-CHAI-008,Tata Tea Premium Desh Ki Chai (500g),Beverages & Tea,Tata Consumer Products,210.0,16,20,Shelf A3 (Beverages),2026-09-23,2,420.0
KIRANA-SURF-009,Surf Excel Easy Wash Detergent (1kg),Household Cleaning,Hindustan Unilever,145.0,38,15,Back Wall Shelf D1,2026-09-23,5,725.0
KIRANA-DETTOL-010,Dettol Germ Protection Soap (100g),Personal Care,Reckitt Benckiser,42.0,240,30,Back Wall Shelf D2,2026-09-23,5,210.0
KIRANA-DAL-011,Desi Toor Dal Unpolished (1kg),Pulses & Dals,Desi Agro Traders,165.0,22,20,Shelf B3 (Pulses),2026-09-23,6,990.0
KIRANA-SUGAR-012,Madhur Pure & Hygienic Sugar (1kg),Sugar & Jaggery,Shree Renuka Sugars,52.0,115,35,Shelf A1 (Flour Rack),2026-09-23,15,780.0
KIRANA-ATTA-001,Aashirvaad Shudh Chakki Atta (5kg),Atta & Flours,ITC Limited,245.0,8,15,Shelf A1 (Flour Rack),2026-09-24,5,1225.0
KIRANA-OIL-002,Fortune Sunlite Refined Sunflower Oil (1L),Edible Oils,Adani Wilmar,135.0,45,20,Shelf A2 (Oils Rack),2026-09-24,7,945.0
KIRANA-MILK-003,Amul Taaza Homogenised Toned Milk (1L),Dairy & Daily Fresh,GCMMF (Amul),56.0,110,40,Cooler Rack C1 (Dairy),2026-09-24,39,2184.0
KIRANA-SALT-004,Tata Salt Iodised (1kg),Spices & Condiments,Tata Consumer Products,28.0,135,30,Shelf B1 (Spices),2026-09-24,12,336.0
KIRANA-RICE-005,India Gate Rozzana Basmati Rice (1kg),Rice & Grains,KRBL Limited,95.0,14,25,Shelf B2 (Grains),2026-09-24,5,475.0
KIRANA-MAGGI-006,Maggi 2-Minute Masala Noodles (4-Pack),Snacks & Instant Food,Nestlé India,56.0,80,30,Front Counter Rack,2026-09-24,30,1680.0
KIRANA-PARLE-007,Parle-G Gold Glucose Biscuits (250g),Bakery & Biscuits,Parle Products,30.0,160,45,Front Counter Rack,2026-09-24,25,750.0
KIRANA-CHAI-008,Tata Tea Premium Desh Ki Chai (500g),Beverages & Tea,Tata Consumer Products,210.0,16,20,Shelf A3 (Beverages),2026-09-24,5,1050.0
KIRANA-SURF-009,Surf Excel Easy Wash Detergent (1kg),Household Cleaning,Hindustan Unilever,145.0,38,15,Back Wall Shelf D1,2026-09-24,3,435.0
KIRANA-DETTOL-010,Dettol Germ Protection Soap (100g),Personal Care,Reckitt Benckiser,42.0,240,30,Back Wall Shelf D2,2026-09-24,3,126.0
KIRANA-DAL-011,Desi Toor Dal Unpolished (1kg),Pulses & Dals,Desi Agro Traders,165.0,22,20,Shelf B3 (Pulses),2026-09-24,4,660.0
KIRANA-SUGAR-012,Madhur Pure & Hygienic Sugar (1kg),Sugar & Jaggery,Shree Renuka Sugars,52.0,115,35,Shelf A1 (Flour Rack),2026-09-24,14,728.0
KIRANA-ATTA-001,Aashirvaad Shudh Chakki Atta (5kg),Atta & Flours,ITC Limited,245.0,8,15,Shelf A1 (Flour Rack),2026-09-25,5,1225.0
KIRANA-OIL-002,Fortune Sunlite Refined Sunflower Oil (1L),Edible Oils,Adani Wilmar,135.0,45,20,Shelf A2 (Oils Rack),2026-09-25,9,1215.0
KIRANA-MILK-003,Amul Taaza Homogenised Toned Milk (1L),Dairy & Daily Fresh,GCMMF (Amul),56.0,110,40,Cooler Rack C1 (Dairy),2026-09-25,36,2016.0
KIRANA-SALT-004,Tata Salt Iodised (1kg),Spices & Condiments,Tata Consumer Products,28.0,135,30,Shelf B1 (Spices),2026-09-25,20,560.0
KIRANA-RICE-005,India Gate Rozzana Basmati Rice (1kg),Rice & Grains,KRBL Limited,95.0,14,25,Shelf B2 (Grains),2026-09-25,6,570.0
KIRANA-MAGGI-006,Maggi 2-Minute Masala Noodles (4-Pack),Snacks & Instant Food,Nestlé India,56.0,80,30,Front Counter Rack,2026-09-25,24,1344.0
KIRANA-PARLE-007,Parle-G Gold Glucose Biscuits (250g),Bakery & Biscuits,Parle Products,30.0,160,45,Front Counter Rack,2026-09-25,37,1110.0
KIRANA-CHAI-008,Tata Tea Premium Desh Ki Chai (500g),Beverages & Tea,Tata Consumer Products,210.0,16,20,Shelf A3 (Beverages),2026-09-25,5,1050.0
KIRANA-SURF-009,Surf Excel Easy Wash Detergent (1kg),Household Cleaning,Hindustan Unilever,145.0,38,15,Back Wall Shelf D1,2026-09-25,8,1160.0
KIRANA-DETTOL-010,Dettol Germ Protection Soap (100g),Personal Care,Reckitt Benckiser,42.0,240,30,Back Wall Shelf D2,2026-09-25,8,336.0
KIRANA-DAL-011,Desi Toor Dal Unpolished (1kg),Pulses & Dals,Desi Agro Traders,165.0,22,20,Shelf B3 (Pulses),2026-09-25,5,825.0
KIRANA-SUGAR-012,Madhur Pure & Hygienic Sugar (1kg),Sugar & Jaggery,Shree Renuka Sugars,52.0,115,35,Shelf A1 (Flour Rack),2026-09-25,19,988.0
KIRANA-ATTA-001,Aashirvaad Shudh Chakki Atta (5kg),Atta & Flours,ITC Limited,245.0,8,15,Shelf A1 (Flour Rack),2026-09-26,4,980.0
KIRANA-OIL-002,Fortune Sunlite Refined Sunflower Oil (1L),Edible Oils,Adani Wilmar,135.0,45,20,Shelf A2 (Oils Rack),2026-09-26,9,1215.0
KIRANA-MILK-003,Amul Taaza Homogenised Toned Milk (1L),Dairy & Daily Fresh,GCMMF (Amul),56.0,110,40,Cooler Rack C1 (Dairy),2026-09-26,38,2128.0
KIRANA-SALT-004,Tata Salt Iodised (1kg),Spices & Condiments,Tata Consumer Products,28.0,135,30,Shelf B1 (Spices),2026-09-26,15,420.0
KIRANA-RICE-005,India Gate Rozzana Basmati Rice (1kg),Rice & Grains,KRBL Limited,95.0,14,25,Shelf B2 (Grains),2026-09-26,14,1330.0
KIRANA-MAGGI-006,Maggi 2-Minute Masala Noodles (4-Pack),Snacks & Instant Food,Nestlé India,56.0,80,30,Front Counter Rack,2026-09-26,21,1176.0
KIRANA-PARLE-007,Parle-G Gold Glucose Biscuits (250g),Bakery & Biscuits,Parle Products,30.0,160,45,Front Counter Rack,2026-09-26,25,750.0
KIRANA-CHAI-008,Tata Tea Premium Desh Ki Chai (500g),Beverages & Tea,Tata Consumer Products,210.0,16,20,Shelf A3 (Beverages),2026-09-26,4,840.0
KIRANA-SURF-009,Surf Excel Easy Wash Detergent (1kg),Household Cleaning,Hindustan Unilever,145.0,38,15,Back Wall Shelf D1,2026-09-26,5,725.0
KIRANA-DETTOL-010,Dettol Germ Protection Soap (100g),Personal Care,Reckitt Benckiser,42.0,240,30,Back Wall Shelf D2,2026-09-26,8,336.0
KIRANA-DAL-011,Desi Toor Dal Unpolished (1kg),Pulses & Dals,Desi Agro Traders,165.0,22,20,Shelf B3 (Pulses),2026-09-26,6,990.0
KIRANA-SUGAR-012,Madhur Pure & Hygienic Sugar (1kg),Sugar & Jaggery,Shree Renuka Sugars,52.0,115,35,Shelf A1 (Flour Rack),2026-09-26,13,676.0
KIRANA-ATTA-001,Aashirvaad Shudh Chakki Atta (5kg),Atta & Flours,ITC Limited,245.0,8,15,Shelf A1 (Flour Rack),2026-09-27,6,1470.0
KIRANA-OIL-002,Fortune Sunlite Refined Sunflower Oil (1L),Edible Oils,Adani Wilmar,135.0,45,20,Shelf A2 (Oils Rack),2026-09-27,9,1215.0
KIRANA-MILK-003,Amul Taaza Homogenised Toned Milk (1L),Dairy & Daily Fresh,GCMMF (Amul),56.0,110,40,Cooler Rack C1 (Dairy),2026-09-27,35,1960.0
KIRANA-SALT-004,Tata Salt Iodised (1kg),Spices & Condiments,Tata Consumer Products,28.0,135,30,Shelf B1 (Spices),2026-09-27,18,504.0
KIRANA-RICE-005,India Gate Rozzana Basmati Rice (1kg),Rice & Grains,KRBL Limited,95.0,14,25,Shelf B2 (Grains),2026-09-27,6,570.0
KIRANA-MAGGI-006,Maggi 2-Minute Masala Noodles (4-Pack),Snacks & Instant Food,Nestlé India,56.0,80,30,Front Counter Rack,2026-09-27,20,1120.0
KIRANA-PARLE-007,Parle-G Gold Glucose Biscuits (250g),Bakery & Biscuits,Parle Products,30.0,160,45,Front Counter Rack,2026-09-27,27,810.0
KIRANA-CHAI-008,Tata Tea Premium Desh Ki Chai (500g),Beverages & Tea,Tata Consumer Products,210.0,16,20,Shelf A3 (Beverages),2026-09-27,6,1260.0
KIRANA-SURF-009,Surf Excel Easy Wash Detergent (1kg),Household Cleaning,Hindustan Unilever,145.0,38,15,Back Wall Shelf D1,2026-09-27,4,580.0
KIRANA-DETTOL-010,Dettol Germ Protection Soap (100g),Personal Care,Reckitt Benckiser,42.0,240,30,Back Wall Shelf D2,2026-09-27,8,336.0
KIRANA-DAL-011,Desi Toor Dal Unpolished (1kg),Pulses & Dals,Desi Agro Traders,165.0,22,20,Shelf B3 (Pulses),2026-09-27,5,825.0
KIRANA-SUGAR-012,Madhur Pure & Hygienic Sugar (1kg),Sugar & Jaggery,Shree Renuka Sugars,52.0,115,35,Shelf A1 (Flour Rack),2026-09-27,14,728.0
KIRANA-ATTA-001,Aashirvaad Shudh Chakki Atta (5kg),Atta & Flours,ITC Limited,245.0,8,15,Shelf A1 (Flour Rack),2026-09-28,2,490.0
KIRANA-OIL-002,Fortune Sunlite Refined Sunflower Oil (1L),Edible Oils,Adani Wilmar,135.0,45,20,Shelf A2 (Oils Rack),2026-09-28,6,810.0
KIRANA-MILK-003,Amul Taaza Homogenised Toned Milk (1L),Dairy & Daily Fresh,GCMMF (Amul),56.0,110,40,Cooler Rack C1 (Dairy),2026-09-28,34,1904.0
KIRANA-SALT-004,Tata Salt Iodised (1kg),Spices & Condiments,Tata Consumer Products,28.0,135,30,Shelf B1 (Spices),2026-09-28,10,280.0
KIRANA-RICE-005,India Gate Rozzana Basmati Rice (1kg),Rice & Grains,KRBL Limited,95.0,14,25,Shelf B2 (Grains),2026-09-28,5,475.0
KIRANA-MAGGI-006,Maggi 2-Minute Masala Noodles (4-Pack),Snacks & Instant Food,Nestlé India,56.0,80,30,Front Counter Rack,2026-09-28,11,616.0
KIRANA-PARLE-007,Parle-G Gold Glucose Biscuits (250g),Bakery & Biscuits,Parle Products,30.0,160,45,Front Counter Rack,2026-09-28,20,600.0
KIRANA-CHAI-008,Tata Tea Premium Desh Ki Chai (500g),Beverages & Tea,Tata Consumer Products,210.0,16,20,Shelf A3 (Beverages),2026-09-28,4,840.0
KIRANA-SURF-009,Surf Excel Easy Wash Detergent (1kg),Household Cleaning,Hindustan Unilever,145.0,38,15,Back Wall Shelf D1,2026-09-28,2,290.0
KIRANA-DETTOL-010,Dettol Germ Protection Soap (100g),Personal Care,Reckitt Benckiser,42.0,240,30,Back Wall Shelf D2,2026-09-28,5,210.0
KIRANA-DAL-011,Desi Toor Dal Unpolished (1kg),Pulses & Dals,Desi Agro Traders,165.0,22,20,Shelf B3 (Pulses),2026-09-28,4,660.0
KIRANA-SUGAR-012,Madhur Pure & Hygienic Sugar (1kg),Sugar & Jaggery,Shree Renuka Sugars,52.0,115,35,Shelf A1 (Flour Rack),2026-09-28,13,676.0
KIRANA-ATTA-001,Aashirvaad Shudh Chakki Atta (5kg),Atta & Flours,ITC Limited,245.0,8,15,Shelf A1 (Flour Rack),2026-09-29,3,735.0
KIRANA-OIL-002,Fortune Sunlite Refined Sunflower Oil (1L),Edible Oils,Adani Wilmar,135.0,45,20,Shelf A2 (Oils Rack),2026-09-29,5,675.0
KIRANA-MILK-003,Amul Taaza Homogenised Toned Milk (1L),Dairy & Daily Fresh,GCMMF (Amul),56.0,110,40,Cooler Rack C1 (Dairy),2026-09-29,31,1736.0
KIRANA-SALT-004,Tata Salt Iodised (1kg),Spices & Condiments,Tata Consumer Products,28.0,135,30,Shelf B1 (Spices),2026-09-29,7,196.0
KIRANA-RICE-005,India Gate Rozzana Basmati Rice (1kg),Rice & Grains,KRBL Limited,95.0,14,25,Shelf B2 (Grains),2026-09-29,4,380.0
KIRANA-MAGGI-006,Maggi 2-Minute Masala Noodles (4-Pack),Snacks & Instant Food,Nestlé India,56.0,80,30,Front Counter Rack,2026-09-29,12,672.0
KIRANA-PARLE-007,Parle-G Gold Glucose Biscuits (250g),Bakery & Biscuits,Parle Products,30.0,160,45,Front Counter Rack,2026-09-29,26,780.0
KIRANA-CHAI-008,Tata Tea Premium Desh Ki Chai (500g),Beverages & Tea,Tata Consumer Products,210.0,16,20,Shelf A3 (Beverages),2026-09-29,4,840.0
KIRANA-SURF-009,Surf Excel Easy Wash Detergent (1kg),Household Cleaning,Hindustan Unilever,145.0,38,15,Back Wall Shelf D1,2026-09-29,3,435.0
KIRANA-DETTOL-010,Dettol Germ Protection Soap (100g),Personal Care,Reckitt Benckiser,42.0,240,30,Back Wall Shelf D2,2026-09-29,4,168.0
KIRANA-DAL-011,Desi Toor Dal Unpolished (1kg),Pulses & Dals,Desi Agro Traders,165.0,22,20,Shelf B3 (Pulses),2026-09-29,3,495.0
KIRANA-SUGAR-012,Madhur Pure & Hygienic Sugar (1kg),Sugar & Jaggery,Shree Renuka Sugars,52.0,115,35,Shelf A1 (Flour Rack),2026-09-29,15,780.0
KIRANA-ATTA-001,Aashirvaad Shudh Chakki Atta (5kg),Atta & Flours,ITC Limited,245.0,8,15,Shelf A1 (Flour Rack),2026-09-30,3,735.0
KIRANA-OIL-002,Fortune Sunlite Refined Sunflower Oil (1L),Edible Oils,Adani Wilmar,135.0,45,20,Shelf A2 (Oils Rack),2026-09-30,6,810.0
KIRANA-MILK-003,Amul Taaza Homogenised Toned Milk (1L),Dairy & Daily Fresh,GCMMF (Amul),56.0,110,40,Cooler Rack C1 (Dairy),2026-09-30,19,1064.0
KIRANA-SALT-004,Tata Salt Iodised (1kg),Spices & Condiments,Tata Consumer Products,28.0,135,30,Shelf B1 (Spices),2026-09-30,9,252.0
KIRANA-RICE-005,India Gate Rozzana Basmati Rice (1kg),Rice & Grains,KRBL Limited,95.0,14,25,Shelf B2 (Grains),2026-09-30,6,570.0
KIRANA-MAGGI-006,Maggi 2-Minute Masala Noodles (4-Pack),Snacks & Instant Food,Nestlé India,56.0,80,30,Front Counter Rack,2026-09-30,17,952.0
KIRANA-PARLE-007,Parle-G Gold Glucose Biscuits (250g),Bakery & Biscuits,Parle Products,30.0,160,45,Front Counter Rack,2026-09-30,18,540.0
KIRANA-CHAI-008,Tata Tea Premium Desh Ki Chai (500g),Beverages & Tea,Tata Consumer Products,210.0,16,20,Shelf A3 (Beverages),2026-09-30,2,420.0
KIRANA-SURF-009,Surf Excel Easy Wash Detergent (1kg),Household Cleaning,Hindustan Unilever,145.0,38,15,Back Wall Shelf D1,2026-09-30,3,435.0
KIRANA-DETTOL-010,Dettol Germ Protection Soap (100g),Personal Care,Reckitt Benckiser,42.0,240,30,Back Wall Shelf D2,2026-09-30,5,210.0
KIRANA-DAL-011,Desi Toor Dal Unpolished (1kg),Pulses & Dals,Desi Agro Traders,165.0,22,20,Shelf B3 (Pulses),2026-09-30,3,495.0
KIRANA-SUGAR-012,Madhur Pure & Hygienic Sugar (1kg),Sugar & Jaggery,Shree Renuka Sugars,52.0,115,35,Shelf A1 (Flour Rack),2026-09-30,11,572.0
KIRANA-ATTA-001,Aashirvaad Shudh Chakki Atta (5kg),Atta & Flours,ITC Limited,245.0,8,15,Shelf A1 (Flour Rack),2026-10-01,4,980.0
KIRANA-OIL-002,Fortune Sunlite Refined Sunflower Oil (1L),Edible Oils,Adani Wilmar,135.0,45,20,Shelf A2 (Oils Rack),2026-10-01,7,945.0
KIRANA-MILK-003,Amul Taaza Homogenised Toned Milk (1L),Dairy & Daily Fresh,GCMMF (Amul),56.0,110,40,Cooler Rack C1 (Dairy),2026-10-01,22,1232.0
KIRANA-SALT-004,Tata Salt Iodised (1kg),Spices & Condiments,Tata Consumer Products,28.0,135,30,Shelf B1 (Spices),2026-10-01,8,224.0
KIRANA-RICE-005,India Gate Rozzana Basmati Rice (1kg),Rice & Grains,KRBL Limited,95.0,14,25,Shelf B2 (Grains),2026-10-01,3,285.0
KIRANA-MAGGI-006,Maggi 2-Minute Masala Noodles (4-Pack),Snacks & Instant Food,Nestlé India,56.0,80,30,Front Counter Rack,2026-10-01,14,784.0
KIRANA-PARLE-007,Parle-G Gold Glucose Biscuits (250g),Bakery & Biscuits,Parle Products,30.0,160,45,Front Counter Rack,2026-10-01,22,660.0
KIRANA-CHAI-008,Tata Tea Premium Desh Ki Chai (500g),Beverages & Tea,Tata Consumer Products,210.0,16,20,Shelf A3 (Beverages),2026-10-01,4,840.0
KIRANA-SURF-009,Surf Excel Easy Wash Detergent (1kg),Household Cleaning,Hindustan Unilever,145.0,38,15,Back Wall Shelf D1,2026-10-01,2,290.0
KIRANA-DETTOL-010,Dettol Germ Protection Soap (100g),Personal Care,Reckitt Benckiser,42.0,240,30,Back Wall Shelf D2,2026-10-01,6,252.0
KIRANA-DAL-011,Desi Toor Dal Unpolished (1kg),Pulses & Dals,Desi Agro Traders,165.0,22,20,Shelf B3 (Pulses),2026-10-01,4,660.0
KIRANA-SUGAR-012,Madhur Pure & Hygienic Sugar (1kg),Sugar & Jaggery,Shree Renuka Sugars,52.0,115,35,Shelf A1 (Flour Rack),2026-10-01,12,624.0
KIRANA-ATTA-001,Aashirvaad Shudh Chakki Atta (5kg),Atta & Flours,ITC Limited,245.0,8,15,Shelf A1 (Flour Rack),2026-10-02,6,1470.0
KIRANA-OIL-002,Fortune Sunlite Refined Sunflower Oil (1L),Edible Oils,Adani Wilmar,135.0,45,20,Shelf A2 (Oils Rack),2026-10-02,7,945.0
KIRANA-MILK-003,Amul Taaza Homogenised Toned Milk (1L),Dairy & Daily Fresh,GCMMF (Amul),56.0,110,40,Cooler Rack C1 (Dairy),2026-10-02,41,2296.0
KIRANA-SALT-004,Tata Salt Iodised (1kg),Spices & Condiments,Tata Consumer Products,28.0,135,30,Shelf B1 (Spices),2026-10-02,17,476.0
KIRANA-RICE-005,India Gate Rozzana Basmati Rice (1kg),Rice & Grains,KRBL Limited,95.0,14,25,Shelf B2 (Grains),2026-10-02,6,570.0
KIRANA-MAGGI-006,Maggi 2-Minute Masala Noodles (4-Pack),Snacks & Instant Food,Nestlé India,56.0,80,30,Front Counter Rack,2026-10-02,14,784.0
KIRANA-PARLE-007,Parle-G Gold Glucose Biscuits (250g),Bakery & Biscuits,Parle Products,30.0,160,45,Front Counter Rack,2026-10-02,26,780.0
KIRANA-CHAI-008,Tata Tea Premium Desh Ki Chai (500g),Beverages & Tea,Tata Consumer Products,210.0,16,20,Shelf A3 (Beverages),2026-10-02,6,1260.0
KIRANA-SURF-009,Surf Excel Easy Wash Detergent (1kg),Household Cleaning,Hindustan Unilever,145.0,38,15,Back Wall Shelf D1,2026-10-02,4,580.0
KIRANA-DETTOL-010,Dettol Germ Protection Soap (100g),Personal Care,Reckitt Benckiser,42.0,240,30,Back Wall Shelf D2,2026-10-02,10,420.0
KIRANA-DAL-011,Desi Toor Dal Unpolished (1kg),Pulses & Dals,Desi Agro Traders,165.0,22,20,Shelf B3 (Pulses),2026-10-02,5,825.0
KIRANA-SUGAR-012,Madhur Pure & Hygienic Sugar (1kg),Sugar & Jaggery,Shree Renuka Sugars,52.0,115,35,Shelf A1 (Flour Rack),2026-10-02,23,1196.0
KIRANA-ATTA-001,Aashirvaad Shudh Chakki Atta (5kg),Atta & Flours,ITC Limited,245.0,8,15,Shelf A1 (Flour Rack),2026-10-03,4,980.0
KIRANA-OIL-002,Fortune Sunlite Refined Sunflower Oil (1L),Edible Oils,Adani Wilmar,135.0,45,20,Shelf A2 (Oils Rack),2026-10-03,10,1350.0
KIRANA-MILK-003,Amul Taaza Homogenised Toned Milk (1L),Dairy & Daily Fresh,GCMMF (Amul),56.0,110,40,Cooler Rack C1 (Dairy),2026-10-03,36,2016.0
KIRANA-SALT-004,Tata Salt Iodised (1kg),Spices & Condiments,Tata Consumer Products,28.0,135,30,Shelf B1 (Spices),2026-10-03,18,504.0
KIRANA-RICE-005,India Gate Rozzana Basmati Rice (1kg),Rice & Grains,KRBL Limited,95.0,14,25,Shelf B2 (Grains),2026-10-03,7,665.0
KIRANA-MAGGI-006,Maggi 2-Minute Masala Noodles (4-Pack),Snacks & Instant Food,Nestlé India,56.0,80,30,Front Counter Rack,2026-10-03,15,840.0
KIRANA-PARLE-007,Parle-G Gold Glucose Biscuits (250g),Bakery & Biscuits,Parle Products,30.0,160,45,Front Counter Rack,2026-10-03,26,780.0
KIRANA-CHAI-008,Tata Tea Premium Desh Ki Chai (500g),Beverages & Tea,Tata Consumer Products,210.0,16,20,Shelf A3 (Beverages),2026-10-03,3,630.0
KIRANA-SURF-009,Surf Excel Easy Wash Detergent (1kg),Household Cleaning,Hindustan Unilever,145.0,38,15,Back Wall Shelf D1,2026-10-03,5,725.0
KIRANA-DETTOL-010,Dettol Germ Protection Soap (100g),Personal Care,Reckitt Benckiser,42.0,240,30,Back Wall Shelf D2,2026-10-03,6,252.0
KIRANA-DAL-011,Desi Toor Dal Unpolished (1kg),Pulses & Dals,Desi Agro Traders,165.0,22,20,Shelf B3 (Pulses),2026-10-03,5,825.0
KIRANA-SUGAR-012,Madhur Pure & Hygienic Sugar (1kg),Sugar & Jaggery,Shree Renuka Sugars,52.0,115,35,Shelf A1 (Flour Rack),2026-10-03,24,1248.0
KIRANA-ATTA-001,Aashirvaad Shudh Chakki Atta (5kg),Atta & Flours,ITC Limited,245.0,8,15,Shelf A1 (Flour Rack),2026-10-04,6,1470.0
KIRANA-OIL-002,Fortune Sunlite Refined Sunflower Oil (1L),Edible Oils,Adani Wilmar,135.0,45,20,Shelf A2 (Oils Rack),2026-10-04,7,945.0
KIRANA-MILK-003,Amul Taaza Homogenised Toned Milk (1L),Dairy & Daily Fresh,GCMMF (Amul),56.0,110,40,Cooler Rack C1 (Dairy),2026-10-04,39,2184.0
KIRANA-SALT-004,Tata Salt Iodised (1kg),Spices & Condiments,Tata Consumer Products,28.0,135,30,Shelf B1 (Spices),2026-10-04,16,448.0
KIRANA-RICE-005,India Gate Rozzana Basmati Rice (1kg),Rice & Grains,KRBL Limited,95.0,14,25,Shelf B2 (Grains),2026-10-04,7,665.0
KIRANA-MAGGI-006,Maggi 2-Minute Masala Noodles (4-Pack),Snacks & Instant Food,Nestlé India,56.0,80,30,Front Counter Rack,2026-10-04,36,2016.0
KIRANA-PARLE-007,Parle-G Gold Glucose Biscuits (250g),Bakery & Biscuits,Parle Products,30.0,160,45,Front Counter Rack,2026-10-04,36,1080.0
KIRANA-CHAI-008,Tata Tea Premium Desh Ki Chai (500g),Beverages & Tea,Tata Consumer Products,210.0,16,20,Shelf A3 (Beverages),2026-10-04,4,840.0
KIRANA-SURF-009,Surf Excel Easy Wash Detergent (1kg),Household Cleaning,Hindustan Unilever,145.0,38,15,Back Wall Shelf D1,2026-10-04,4,580.0
KIRANA-DETTOL-010,Dettol Germ Protection Soap (100g),Personal Care,Reckitt Benckiser,42.0,240,30,Back Wall Shelf D2,2026-10-04,10,420.0
KIRANA-DAL-011,Desi Toor Dal Unpolished (1kg),Pulses & Dals,Desi Agro Traders,165.0,22,20,Shelf B3 (Pulses),2026-10-04,5,825.0
KIRANA-SUGAR-012,Madhur Pure & Hygienic Sugar (1kg),Sugar & Jaggery,Shree Renuka Sugars,52.0,115,35,Shelf A1 (Flour Rack),2026-10-04,31,1612.0
KIRANA-ATTA-001,Aashirvaad Shudh Chakki Atta (5kg),Atta & Flours,ITC Limited,245.0,8,15,Shelf A1 (Flour Rack),2026-10-05,4,980.0
KIRANA-OIL-002,Fortune Sunlite Refined Sunflower Oil (1L),Edible Oils,Adani Wilmar,135.0,45,20,Shelf A2 (Oils Rack),2026-10-05,8,1080.0
KIRANA-MILK-003,Amul Taaza Homogenised Toned Milk (1L),Dairy & Daily Fresh,GCMMF (Amul),56.0,110,40,Cooler Rack C1 (Dairy),2026-10-05,25,1400.0
KIRANA-SALT-004,Tata Salt Iodised (1kg),Spices & Condiments,Tata Consumer Products,28.0,135,30,Shelf B1 (Spices),2026-10-05,11,308.0
KIRANA-RICE-005,India Gate Rozzana Basmati Rice (1kg),Rice & Grains,KRBL Limited,95.0,14,25,Shelf B2 (Grains),2026-10-05,5,475.0
KIRANA-MAGGI-006,Maggi 2-Minute Masala Noodles (4-Pack),Snacks & Instant Food,Nestlé India,56.0,80,30,Front Counter Rack,2026-10-05,15,840.0
KIRANA-PARLE-007,Parle-G Gold Glucose Biscuits (250g),Bakery & Biscuits,Parle Products,30.0,160,45,Front Counter Rack,2026-10-05,31,930.0
KIRANA-CHAI-008,Tata Tea Premium Desh Ki Chai (500g),Beverages & Tea,Tata Consumer Products,210.0,16,20,Shelf A3 (Beverages),2026-10-05,5,1050.0
KIRANA-SURF-009,Surf Excel Easy Wash Detergent (1kg),Household Cleaning,Hindustan Unilever,145.0,38,15,Back Wall Shelf D1,2026-10-05,5,725.0
KIRANA-DETTOL-010,Dettol Germ Protection Soap (100g),Personal Care,Reckitt Benckiser,42.0,240,30,Back Wall Shelf D2,2026-10-05,5,210.0
KIRANA-DAL-011,Desi Toor Dal Unpolished (1kg),Pulses & Dals,Desi Agro Traders,165.0,22,20,Shelf B3 (Pulses),2026-10-05,3,495.0
KIRANA-SUGAR-012,Madhur Pure & Hygienic Sugar (1kg),Sugar & Jaggery,Shree Renuka Sugars,52.0,115,35,Shelf A1 (Flour Rack),2026-10-05,12,624.0
KIRANA-ATTA-001,Aashirvaad Shudh Chakki Atta (5kg),Atta & Flours,ITC Limited,245.0,8,15,Shelf A1 (Flour Rack),2026-10-06,6,1470.0
KIRANA-OIL-002,Fortune Sunlite Refined Sunflower Oil (1L),Edible Oils,Adani Wilmar,135.0,45,20,Shelf A2 (Oils Rack),2026-10-06,7,945.0
KIRANA-MILK-003,Amul Taaza Homogenised Toned Milk (1L),Dairy & Daily Fresh,GCMMF (Amul),56.0,110,40,Cooler Rack C1 (Dairy),2026-10-06,11,616.0
KIRANA-SALT-004,Tata Salt Iodised (1kg),Spices & Condiments,Tata Consumer Products,28.0,135,30,Shelf B1 (Spices),2026-10-06,11,308.0
KIRANA-RICE-005,India Gate Rozzana Basmati Rice (1kg),Rice & Grains,KRBL Limited,95.0,14,25,Shelf B2 (Grains),2026-10-06,3,285.0
KIRANA-MAGGI-006,Maggi 2-Minute Masala Noodles (4-Pack),Snacks & Instant Food,Nestlé India,56.0,80,30,Front Counter Rack,2026-10-06,15,840.0
KIRANA-PARLE-007,Parle-G Gold Glucose Biscuits (250g),Bakery & Biscuits,Parle Products,30.0,160,45,Front Counter Rack,2026-10-06,32,960.0
KIRANA-CHAI-008,Tata Tea Premium Desh Ki Chai (500g),Beverages & Tea,Tata Consumer Products,210.0,16,20,Shelf A3 (Beverages),2026-10-06,4,840.0
KIRANA-SURF-009,Surf Excel Easy Wash Detergent (1kg),Household Cleaning,Hindustan Unilever,145.0,38,15,Back Wall Shelf D1,2026-10-06,2,290.0
KIRANA-DETTOL-010,Dettol Germ Protection Soap (100g),Personal Care,Reckitt Benckiser,42.0,240,30,Back Wall Shelf D2,2026-10-06,4,168.0
KIRANA-DAL-011,Desi Toor Dal Unpolished (1kg),Pulses & Dals,Desi Agro Traders,165.0,22,20,Shelf B3 (Pulses),2026-10-06,5,825.0
KIRANA-SUGAR-012,Madhur Pure & Hygienic Sugar (1kg),Sugar & Jaggery,Shree Renuka Sugars,52.0,115,35,Shelf A1 (Flour Rack),2026-10-06,14,728.0
KIRANA-ATTA-001,Aashirvaad Shudh Chakki Atta (5kg),Atta & Flours,ITC Limited,245.0,8,15,Shelf A1 (Flour Rack),2026-10-07,4,980.0
KIRANA-OIL-002,Fortune Sunlite Refined Sunflower Oil (1L),Edible Oils,Adani Wilmar,135.0,45,20,Shelf A2 (Oils Rack),2026-10-07,4,540.0
KIRANA-MILK-003,Amul Taaza Homogenised Toned Milk (1L),Dairy & Daily Fresh,GCMMF (Amul),56.0,110,40,Cooler Rack C1 (Dairy),2026-10-07,28,1568.0
KIRANA-SALT-004,Tata Salt Iodised (1kg),Spices & Condiments,Tata Consumer Products,28.0,135,30,Shelf B1 (Spices),2026-10-07,11,308.0
KIRANA-RICE-005,India Gate Rozzana Basmati Rice (1kg),Rice & Grains,KRBL Limited,95.0,14,25,Shelf B2 (Grains),2026-10-07,4,380.0
KIRANA-MAGGI-006,Maggi 2-Minute Masala Noodles (4-Pack),Snacks & Instant Food,Nestlé India,56.0,80,30,Front Counter Rack,2026-10-07,15,840.0
KIRANA-PARLE-007,Parle-G Gold Glucose Biscuits (250g),Bakery & Biscuits,Parle Products,30.0,160,45,Front Counter Rack,2026-10-07,48,1440.0
KIRANA-CHAI-008,Tata Tea Premium Desh Ki Chai (500g),Beverages & Tea,Tata Consumer Products,210.0,16,20,Shelf A3 (Beverages),2026-10-07,3,630.0
KIRANA-SURF-009,Surf Excel Easy Wash Detergent (1kg),Household Cleaning,Hindustan Unilever,145.0,38,15,Back Wall Shelf D1,2026-10-07,3,435.0
KIRANA-DETTOL-010,Dettol Germ Protection Soap (100g),Personal Care,Reckitt Benckiser,42.0,240,30,Back Wall Shelf D2,2026-10-07,8,336.0
KIRANA-DAL-011,Desi Toor Dal Unpolished (1kg),Pulses & Dals,Desi Agro Traders,165.0,22,20,Shelf B3 (Pulses),2026-10-07,4,660.0
KIRANA-SUGAR-012,Madhur Pure & Hygienic Sugar (1kg),Sugar & Jaggery,Shree Renuka Sugars,52.0,115,35,Shelf A1 (Flour Rack),2026-10-07,8,416.0
